Time, Altitude, Velocity, Temperature (F), Voltage
0.00, 0, 0, 49.75, 9.10
0.05, 0, 0, 49.73, 9.10
0.10, 0, 12, 49.73, 9.10
0.15, 1, 20, 49.75, 9.10
0.20, 2, 30, 49.75, 9.10
0.25, 5, 36, 49.73, 9.10
0.30, 9, 39, 49.73, 9.10
0.35, 10, 40, 49.73, 9.10
0.40, 11, 37, 49.75, 9.10
0.45, 13, 32, 49.73, 9.10
0.50, 16, 29, 49.73, 9.10
0.55, 17, 31, 49.73, 9.10
0.60, 17, 44, 49.73, 9.10
0.65, 12, 67, 49.73, 9.10
0.70, 20, 99, 49.73, 9.10
0.75, 30, 135, 49.73, 9.10
0.80, 40, 166, 49.73, 9.10
0.85, 50, 187, 49.73, 9.10
0.90, 60, 197, 49.73, 9.10
0.95, 73, 200, 49.73, 9.10
1.00, 82, 199, 49.73, 9.10
1.05, 88, 201, 49.73, 9.10
1.10, 99, 204, 49.73, 9.10
1.15, 111, 211, 49.73, 9.10
1.20, 121, 221, 49.73, 9.10
1.25, 133, 230, 49.73, 9.10
1.30, 145, 240, 49.73, 9.10
1.35, 157, 250, 49.73, 9.10
1.40, 170, 260, 49.73, 9.10
1.45, 183, 270, 49.73, 9.10
1.50, 198, 280, 49.73, 9.10
1.55, 213, 288, 49.73, 9.10
1.60, 227, 294, 49.73, 9.10
1.65, 243, 300, 49.73, 9.10
1.70, 257, 305, 49.73, 9.10
1.75, 273, 311, 49.73, 9.10
1.80, 289, 318, 49.73, 9.10
1.85, 304, 329, 49.73, 9.10
1.90, 321, 341, 49.73, 9.10
1.95, 339, 356, 49.73, 9.10
2.00, 358, 372, 49.73, 9.10
2.05, 376, 390, 49.73, 9.10
2.10, 397, 407, 49.73, 9.10
2.15, 419, 424, 49.73, 9.10
2.20, 442, 438, 49.73, 9.10
2.25, 463, 450, 49.73, 9.10
2.30, 487, 459, 49.73, 9.10
2.35, 511, 465, 49.73, 9.10
2.40, 535, 471, 49.73, 9.10
2.45, 557, 475, 49.73, 9.10
2.50, 582, 478, 49.71, 9.10
2.55, 606, 480, 49.73, 9.10
2.60, 630, 480, 49.73, 9.10
2.65, 655, 479, 49.73, 9.10
2.70, 679, 476, 49.73, 9.10
2.75, 702, 472, 49.73, 9.10
2.80, 725, 468, 49.73, 9.10
2.85, 748, 465, 49.73, 9.10
2.90, 772, 461, 49.73, 9.10
2.95, 795, 458, 49.73, 9.10
3.00, 817, 454, 49.73, 9.10
3.05, 840, 450, 49.73, 9.10
3.10, 862, 446, 49.73, 9.10
3.15, 884, 443, 49.73, 9.10
3.20, 906, 439, 49.73, 9.10
3.25, 928, 434, 49.73, 9.10
3.30, 950, 429, 49.73, 9.10
3.35, 971, 423, 49.73, 9.10
3.40, 991, 417, 49.73, 9.10
3.45, 1012, 411, 49.73, 9.10
3.50, 1032, 407, 49.73, 9.10
3.55, 1052, 404, 49.73, 9.10
3.60, 1072, 400, 49.73, 9.10
3.65, 1092, 398, 49.73, 9.10
3.70, 1112, 394, 49.73, 9.10
3.75, 1132, 389, 49.71, 9.10
3.80, 1151, 384, 49.73, 9.10
3.85, 1169, 379, 49.73, 9.10
3.90, 1189, 375, 49.73, 9.10
3.95, 1207, 371, 49.73, 9.10
4.00, 1224, 368, 49.73, 9.10
4.05, 1243, 365, 49.71, 9.10
4.10, 1262, 361, 49.71, 9.10
4.15, 1281, 357, 49.71, 9.10
4.20, 1297, 351, 49.73, 9.10
4.25, 1314, 346, 49.71, 9.10
4.30, 1331, 342, 49.73, 9.10
4.35, 1348, 339, 49.73, 9.10
4.40, 1365, 336, 49.71, 9.10
4.45, 1381, 333, 49.71, 9.10
4.50, 1399, 329, 49.71, 9.10
4.55, 1415, 323, 49.71, 9.10
4.60, 1431, 318, 49.71, 9.10
4.65, 1445, 313, 49.71, 9.10
4.70, 1461, 310, 49.71, 9.10
4.75, 1476, 309, 49.71, 9.10
4.80, 1492, 308, 49.71, 9.10
4.85, 1507, 306, 49.73, 9.10
4.90, 1523, 304, 49.71, 9.10
4.95, 1538, 301, 49.71, 9.10
5.00, 1553, 296, 49.71, 9.10
5.05, 1567, 292, 49.71, 9.10
5.10, 1581, 288, 49.71, 9.10
5.15, 1596, 284, 49.71, 9.10
5.20, 1610, 281, 49.71, 9.10
5.25, 1623, 279, 49.71, 9.10
5.30, 1638, 276, 49.71, 9.10
5.35, 1651, 274, 49.71, 9.10
5.40, 1665, 271, 49.69, 9.10
5.45, 1677, 268, 49.71, 9.10
5.50, 1692, 264, 49.71, 9.10
5.55, 1705, 259, 49.71, 9.10
5.60, 1718, 254, 49.69, 9.10
5.65, 1729, 249, 49.71, 9.10
5.70, 1742, 245, 49.71, 9.10
5.75, 1753, 242, 49.71, 9.10
5.80, 1766, 241, 49.71, 9.10
5.85, 1777, 240, 49.71, 9.10
5.90, 1790, 239, 49.69, 9.10
5.95, 1802, 238, 49.69, 9.10
6.00, 1813, 236, 49.71, 9.10
6.05, 1825, 233, 49.69, 9.10
6.10, 1837, 229, 49.69, 9.10
6.15, 1848, 225, 49.69, 9.10
6.20, 1859, 220, 49.71, 9.10
6.25, 1870, 216, 49.69, 9.10
6.30, 1880, 213, 49.69, 9.10
6.35, 1890, 210, 49.69, 9.10
6.40, 1902, 208, 49.69, 9.10
6.45, 1911, 206, 49.69, 9.10
6.50, 1922, 203, 49.69, 9.10
6.55, 1931, 201, 49.71, 9.10
6.60, 1942, 199, 49.69, 9.10
6.65, 1951, 196, 49.69, 9.10
6.70, 1961, 194, 49.69, 9.10
6.75, 1971, 192, 49.69, 9.10
6.80, 1980, 190, 49.69, 9.10
6.85, 1989, 189, 49.69, 9.10
6.90, 1999, 187, 49.69, 9.10
6.95, 2008, 186, 49.69, 9.10
7.00, 2018, 184, 49.69, 9.10
7.05, 2026, 182, 49.69, 9.10
7.10, 2036, 179, 49.69, 9.10
7.15, 2044, 177, 49.69, 9.10
7.20, 2053, 174, 49.69, 9.10
7.25, 2062, 172, 49.69, 9.10
7.30, 2070, 169, 49.69, 9.10
7.35, 2079, 166, 49.69, 9.10
7.40, 2086, 163, 49.69, 9.10
7.45, 2095, 160, 49.69, 9.10
7.50, 2103, 157, 49.69, 9.10
7.55, 2110, 155, 49.69, 9.10
7.60, 2118, 153, 49.69, 9.10
7.65, 2124, 152, 49.69, 9.10
7.70, 2133, 151, 49.69, 9.10
7.75, 2141, 149, 49.69, 9.10
7.80, 2148, 147, 49.69, 9.10
7.85, 2155, 144, 49.68, 9.10
7.90, 2162, 141, 49.69, 9.10
7.95, 2169, 139, 49.69, 9.10
8.00, 2176, 136, 49.69, 9.10
8.05, 2182, 135, 49.69, 9.10
8.10, 2189, 134, 49.68, 9.10
8.15, 2196, 134, 49.69, 9.10
8.20, 2202, 133, 49.69, 9.10
8.25, 2209, 131, 49.68, 9.10
8.30, 2216, 129, 49.69, 9.10
8.35, 2222, 126, 49.69, 9.10
8.40, 2229, 123, 49.68, 9.10
8.45, 2233, 119, 49.68, 9.10
8.50, 2240, 116, 49.68, 9.10
8.55, 2245, 113, 49.68, 9.10
8.60, 2252, 111, 49.68, 9.10
8.65, 2256, 110, 49.68, 9.10
8.70, 2261, 108, 49.68, 9.10
8.75, 2268, 106, 49.68, 9.10
8.80, 2272, 104, 49.68, 9.10
8.85, 2278, 101, 49.68, 9.10
8.90, 2283, 99, 49.68, 9.10
8.95, 2286, 98, 49.68, 9.10
9.00, 2292, 97, 49.68, 9.10
9.05, 2297, 96, 49.68, 9.10
9.10, 2302, 95, 49.68, 9.10
9.15, 2306, 93, 49.68, 9.10
9.20, 2311, 90, 49.68, 9.10
9.25, 2316, 88, 49.68, 9.10
9.30, 2319, 85, 49.68, 9.10
9.35, 2324, 82, 49.68, 9.10
9.40, 2328, 80, 49.68, 9.10
9.45, 2330, 79, 49.68, 9.10
9.50, 2336, 77, 49.68, 9.10
9.55, 2339, 76, 49.68, 9.10
9.60, 2343, 75, 49.68, 9.10
9.65, 2347, 72, 49.68, 9.10
9.70, 2350, 70, 49.68, 9.10
9.75, 2353, 68, 49.68, 9.10
9.80, 2357, 66, 49.68, 9.10
9.85, 2359, 66, 49.68, 9.10
9.90, 2363, 65, 49.68, 9.10
9.95, 2367, 63, 49.68, 9.10
10.00, 2370, 61, 49.68, 9.10
10.05, 2372, 58, 49.68, 9.10
10.10, 2375, 56, 49.66, 9.10
10.15, 2378, 54, 49.66, 9.10
10.20, 2380, 52, 49.68, 9.10
10.25, 2383, 51, 49.66, 9.10
10.30, 2385, 49, 49.68, 9.10
10.35, 2388, 48, 49.68, 9.10
10.40, 2390, 46, 49.66, 9.10
10.45, 2393, 44, 49.66, 9.10
10.50, 2393, 43, 49.66, 9.10
10.55, 2397, 41, 49.66, 9.10
10.60, 2399, 40, 49.66, 9.10
10.65, 2400, 38, 49.66, 9.10
10.70, 2402, 36, 49.66, 9.10
10.75, 2404, 34, 49.66, 9.10
10.80, 2406, 32, 49.66, 9.10
10.85, 2407, 30, 49.66, 9.10
10.90, 2408, 29, 49.66, 9.10
10.95, 2409, 29, 49.66, 9.10
11.00, 2411, 28, 49.66, 9.10
11.05, 2413, 26, 49.66, 9.10
11.10, 2415, 24, 49.66, 9.10
11.15, 2415, 24, 49.66, 9.10
11.20, 898, 30, 49.66, 9.10
11.25, 2359, 42, 49.66, 9.10
11.30, 2417, 56, 49.66, 9.10
11.35, 2423, 70, 49.66, 9.10
11.40, 2427, 76, 49.62, 9.10
11.45, 2442, 74, 49.66, 9.10
11.50, 2434, 68, 49.66, 9.10
11.55, 2438, 62, 49.66, 9.10
11.60, 2440, 56, 49.66, 9.10
11.65, 2444, 54, 49.68, 9.10
11.70, 2447, 52, 49.66, 9.10
11.75, 2450, 43, 49.66, 9.10
11.80, 2457, 23, 49.66, 9.10
11.85, 2452, -13, 49.66, 9.10
11.90, 2449, -64, 49.66, 9.10
11.95, 2459, -125, 49.66, 9.10
12.00, 2443, -173, 49.66, 9.10
12.05, 2416, -199, 49.66, 9.10
12.10, 2397, -194, 49.66, 9.10
12.15, 2394, -157, 49.66, 9.10
12.20, 2391, -104, 49.66, 9.10
12.25, 2395, -53, 49.66, 9.10
12.30, 2395, -9, 49.62, 9.10
12.35, 2395, 23, 49.66, 9.10
12.40, 2395, 49, 49.66, 9.10
12.45, 2398, 77, 49.62, 9.10
12.50, 2403, 104, 49.66, 9.10
12.55, 2412, 124, 49.66, 9.10
12.60, 2422, 128, 49.62, 9.10
12.65, 2434, 109, 49.62, 9.10
12.70, 2439, 72, 49.62, 9.10
12.75, 2440, 25, 49.62, 9.10
12.80, 2434, -19, 49.62, 9.10
12.85, 2426, -71, 49.66, 9.10
12.90, 2422, -107, 49.62, 9.10
12.95, 2420, -128, 49.62, 9.10
13.00, 2417, -142, 49.62, 9.10
13.05, 2417, -112, 49.62, 9.10
13.10, 2417, -83, 49.62, 9.10
13.15, 2416, -57, 49.62, 9.10
13.20, 2413, -33, 49.62, 9.10
13.25, 2413, -29, 49.62, 9.10
13.30, 2412, -25, 49.62, 9.10
13.35, 2410, -22, 49.62, 9.10
13.40, 2407, -20, 49.62, 9.10
13.45, 2408, -22, 49.62, 9.10
13.50, 2399, -25, 49.62, 9.10
13.55, 2387, -31, 49.62, 9.10
13.60, 2375, -36, 49.62, 9.10
13.65, 2368, -39, 49.62, 9.10
13.70, 2365, -41, 49.62, 9.10
13.75, 2366, -42, 49.62, 9.10
13.80, 2367, -41, 49.62, 9.10
13.85, 2357, -39, 49.62, 9.10
13.90, 2347, -37, 49.62, 9.10
13.95, 2339, -36, 49.62, 9.10
14.00, 2333, -36, 49.62, 9.10
14.05, 2330, -37, 49.60, 9.10
14.10, 2326, -38, 49.62, 9.10
14.15, 2324, -39, 49.62, 9.10
14.20, 2331, -41, 49.60, 9.10
14.25, 2344, -43, 49.60, 9.10
14.30, 2361, -45, 49.60, 9.10
14.35, 2370, -47, 49.60, 9.10
14.40, 2364, -49, 49.60, 9.10
14.45, 2353, -51, 49.60, 9.10
14.50, 2351, -51, 49.60, 9.10
14.55, 2351, -50, 49.60, 9.10
14.60, 2351, -48, 49.60, 9.10
14.65, 2353, -46, 49.60, 9.10
14.70, 2352, -44, 49.60, 9.10
14.75, 2354, -41, 49.60, 9.10
14.80, 2353, -37, 49.60, 9.10
14.85, 2353, -33, 49.60, 9.10
14.90, 2351, -30, 49.60, 9.10
14.95, 2349, -29, 49.62, 9.10
15.00, 2346, -29, 49.60, 9.10
15.05, 2341, -31, 49.60, 9.10
15.10, 2338, -34, 49.60, 9.10
15.15, 2336, -38, 49.60, 9.10
15.20, 2331, -43, 49.60, 9.10
15.25, 2325, -49, 49.60, 9.10
15.30, 2318, -53, 49.60, 9.10
15.35, 2311, -56, 49.60, 9.10
15.40, 2305, -56, 49.60, 9.10
15.45, 2294, -55, 49.60, 9.10
15.50, 2286, -53, 49.60, 9.10
15.55, 2283, -52, 49.59, 9.10
15.60, 2280, -51, 49.60, 9.10
15.65, 2280, -51, 49.60, 9.10
15.70, 2281, -52, 49.60, 9.10
15.75, 2290, -52, 49.59, 9.10
15.80, 2294, -52, 49.60, 9.10
15.85, 2298, -53, 49.60, 9.10
15.90, 2289, -52, 49.60, 9.10
15.95, 2278, -52, 49.59, 9.10
16.00, 2268, -52, 49.59, 9.10
16.05, 2261, -51, 49.60, 9.10
16.10, 2257, -50, 49.59, 9.10
16.15, 2251, -50, 49.59, 9.10
16.20, 2249, -48, 49.59, 9.10
16.25, 2249, -47, 49.59, 9.10
16.30, 2247, -44, 49.59, 9.10
16.35, 2250, -42, 49.59, 9.10
16.40, 2249, -40, 49.59, 9.10
16.45, 2250, -39, 49.59, 9.10
16.50, 2252, -39, 49.59, 9.10
16.55, 2253, -42, 49.59, 9.10
16.60, 2252, -47, 49.59, 9.10
16.65, 2253, -53, 49.59, 9.10
16.70, 2252, -60, 49.59, 9.10
16.75, 2250, -66, 49.59, 9.10
16.80, 2250, -71, 49.59, 9.10
16.85, 2248, -73, 49.57, 9.10
16.90, 2248, -72, 49.59, 9.10
16.95, 2242, -69, 49.59, 9.10
17.00, 2244, -65, 49.59, 9.10
17.05, 2241, -61, 49.59, 9.10
17.10, 2238, -58, 49.59, 9.10
17.15, 2233, -55, 49.59, 9.10
17.20, 2233, -53, 49.59, 9.10
17.25, 2231, -51, 49.59, 9.10
17.30, 2230, -50, 49.59, 9.10
17.35, 2227, -49, 49.57, 9.10
17.40, 2224, -48, 49.59, 9.10
17.45, 2219, -48, 49.59, 9.10
17.50, 2207, -48, 49.57, 9.10
17.55, 2192, -49, 49.57, 9.10
17.60, 2176, -49, 49.57, 9.10
17.65, 2163, -50, 49.57, 9.10
17.70, 2157, -51, 49.57, 9.10
17.75, 2149, -52, 49.57, 9.10
17.80, 2145, -52, 49.57, 9.10
17.85, 2143, -52, 49.57, 9.10
17.90, 2141, -51, 49.57, 9.10
17.95, 2143, -51, 49.57, 9.10
18.00, 2144, -51, 49.57, 9.10
18.05, 2146, -52, 49.57, 9.10
18.10, 2146, -54, 49.57, 9.10
18.15, 2148, -57, 49.57, 9.10
18.20, 2150, -61, 49.57, 9.10
18.25, 2152, -64, 49.57, 9.10
18.30, 2155, -67, 49.55, 9.10
18.35, 2155, -69, 49.57, 9.10
18.40, 2156, -68, 49.57, 9.10
18.45, 2160, -65, 49.55, 9.10
18.50, 2160, -60, 49.57, 9.10
18.55, 2157, -53, 49.57, 9.10
18.60, 2152, -46, 49.55, 9.10
18.65, 2152, -39, 49.55, 9.10
18.70, 2150, -34, 49.57, 9.10
18.75, 2148, -31, 49.57, 9.10
18.80, 2145, -30, 49.55, 9.10
18.85, 2145, -29, 49.55, 9.10
18.90, 2148, -30, 49.55, 9.10
18.95, 2146, -31, 49.55, 9.10
19.00, 2143, -32, 49.55, 9.10
19.05, 2135, -34, 49.55, 9.10
19.10, 2124, -36, 49.55, 9.10
19.15, 2115, -37, 49.55, 9.10
19.20, 2104, -39, 49.55, 9.10
19.25, 2094, -42, 49.55, 9.10
19.30, 2089, -44, 49.55, 9.10
19.35, 2086, -47, 49.55, 9.10
19.40, 2085, -51, 49.55, 9.10
19.45, 2083, -55, 49.55, 9.10
19.50, 2086, -60, 49.55, 9.10
19.55, 2089, -65, 49.55, 9.10
19.60, 2093, -70, 49.55, 9.10
19.65, 2096, -74, 49.55, 9.10
19.70, 2093, -78, 49.55, 9.10
19.75, 2089, -81, 49.53, 9.10
19.80, 2087, -83, 49.53, 9.10
19.85, 2085, -85, 49.53, 9.10
19.90, 2082, -86, 49.53, 9.10
19.95, 2081, -86, 49.53, 9.10
20.00, 2080, -85, 49.53, 9.10
20.05, 2076, -82, 49.53, 9.10
20.10, 2076, -78, 49.53, 9.10
20.15, 2075, -73, 49.53, 9.10
20.20, 2073, -69, 49.53, 9.10
20.25, 2068, -65, 49.53, 9.10
20.30, 2062, -63, 49.53, 9.10
20.35, 2062, -62, 49.53, 9.10
20.40, 2054, -62, 49.53, 9.10
20.45, 2042, -63, 49.51, 9.10
20.50, 2028, -65, 49.51, 9.10
20.55, 2015, -68, 49.53, 9.10
20.60, 2005, -70, 49.53, 9.10
20.65, 1996, -71, 49.51, 9.10
20.70, 1986, -72, 49.53, 9.10
20.75, 1983, -72, 49.53, 9.10
20.80, 1980, -72, 49.53, 9.10
20.85, 1977, -71, 49.51, 9.10
20.90, 1974, -71, 49.51, 9.10
20.95, 1971, -71, 49.51, 9.10
21.00, 1973, -72, 49.51, 9.10
21.05, 1970, -74, 49.53, 9.10
21.10, 1972, -78, 49.51, 9.10
21.15, 1971, -83, 49.51, 9.10
21.20, 1972, -88, 49.51, 9.10
21.25, 1971, -93, 49.51, 9.10
21.30, 1968, -96, 49.51, 9.10
21.35, 1964, -98, 49.51, 9.10
21.40, 1962, -97, 49.51, 9.10
21.45, 1960, -94, 49.51, 9.10
21.50, 1958, -90, 49.51, 9.10
21.55, 1956, -86, 49.51, 9.10
21.60, 1951, -81, 49.50, 9.10
21.65, 1949, -77, 49.51, 9.10
21.70, 1950, -73, 49.51, 9.10
21.75, 1946, -70, 49.50, 9.10
21.80, 1946, -66, 49.50, 9.10
21.85, 1945, -62, 49.51, 9.10
21.90, 1942, -58, 49.51, 9.10
21.95, 1942, -54, 49.50, 9.10
22.00, 1937, -50, 49.50, 9.10
22.05, 1929, -46, 49.50, 9.10
22.10, 1916, -43, 49.50, 9.10
22.15, 1897, -40, 49.50, 9.10
22.20, 1881, -38, 49.50, 9.10
22.25, 1873, -36, 49.50, 9.10
22.30, 1864, -36, 49.50, 9.10
22.35, 1857, -36, 49.50, 9.10
22.40, 1854, -36, 49.50, 9.10
22.45, 1853, -36, 49.50, 9.10
22.50, 1849, -36, 49.50, 9.10
22.55, 1849, -36, 49.50, 9.10
22.60, 1847, -36, 49.50, 9.10
22.65, 1846, -36, 49.50, 9.10
22.70, 1846, -38, 49.50, 9.10
22.75, 1849, -40, 49.48, 9.10
22.80, 1856, -43, 49.48, 9.10
22.85, 1861, -47, 49.50, 9.10
22.90, 1867, -51, 49.48, 9.10
22.95, 1873, -55, 49.48, 9.10
23.00, 1881, -57, 49.48, 9.10
23.05, 1888, -57, 49.48, 9.10
23.10, 1897, -55, 49.48, 9.10
23.15, 1899, -53, 49.48, 9.10
23.20, 1901, -49, 49.48, 9.10
23.25, 1901, -47, 49.48, 9.10
23.30, 1896, -44, 49.48, 9.10
23.35, 1892, -43, 49.48, 9.10
23.40, 1887, -42, 49.48, 9.10
23.45, 1885, -41, 49.48, 9.10
23.50, 1887, -40, 49.48, 9.10
23.55, 1886, -40, 49.46, 9.10
23.60, 1878, -39, 49.46, 9.10
23.65, 1877, -38, 49.46, 9.10
23.70, 1873, -38, 49.46, 9.10
23.75, 1863, -38, 49.46, 9.10
23.80, 1855, -38, 49.46, 9.10
23.85, 1842, -40, 49.46, 9.10
23.90, 1829, -41, 49.46, 9.10
23.95, 1821, -43, 49.46, 9.10
24.00, 1814, -46, 49.46, 9.10
24.05, 1802, -48, 49.46, 9.10
24.10, 1794, -51, 49.46, 9.10
24.15, 1790, -53, 49.44, 9.10
24.20, 1782, -54, 49.46, 9.10
24.25, 1778, -55, 49.46, 9.10
24.30, 1776, -55, 49.44, 9.10
24.35, 1775, -55, 49.44, 9.10
24.40, 1772, -55, 49.44, 9.10
24.45, 1771, -55, 49.46, 9.10
24.50, 1769, -56, 49.44, 9.10
24.55, 1770, -56, 49.44, 9.10
24.60, 1772, -56, 49.44, 9.10
24.65, 1774, -55, 49.44, 9.10
24.70, 1779, -55, 49.44, 9.10
24.75, 1780, -54, 49.44, 9.10
24.80, 1786, -53, 49.44, 9.10
24.85, 1786, -52, 49.44, 9.10
24.90, 1791, -51, 49.42, 9.10
24.95, 1792, -50, 49.44, 9.10
25.00, 1796, -49, 49.44, 9.10
25.05, 1796, -48, 49.44, 9.10
25.10, 1795, -47, 49.42, 9.10
25.15, 1793, -46, 49.42, 9.10
25.20, 1789, -46, 49.42, 9.10
25.25, 1787, -45, 49.42, 9.10
25.30, 1786, -45, 49.42, 9.10
25.35, 1781, -45, 49.42, 9.10
25.40, 1779, -45, 49.44, 9.10
25.45, 1776, -45, 49.42, 9.10
25.50, 1774, -45, 49.42, 9.10
25.55, 1773, -45, 49.42, 9.10
25.60, 1769, -46, 49.42, 9.10
25.65, 1763, -47, 49.42, 9.10
25.70, 1757, -48, 49.41, 9.10
25.75, 1750, -48, 49.41, 9.10
25.80, 1743, -49, 49.39, 9.10
25.85, 1731, -50, 49.39, 9.10
25.90, 1724, -50, 49.41, 9.10
25.95, 1716, -51, 49.41, 9.10
26.00, 1709, -51, 49.39, 9.10
26.05, 1704, -51, 49.39, 9.10
26.10, 1698, -51, 49.39, 9.10
26.15, 1695, -51, 49.39, 9.10
26.20, 1691, -51, 49.39, 9.10
26.25, 1688, -51, 49.39, 9.10
26.30, 1686, -51, 49.39, 9.10
26.35, 1683, -50, 49.39, 9.10
26.40, 1683, -50, 49.39, 9.10
26.45, 1682, -51, 49.37, 9.10
26.50, 1683, -51, 49.37, 9.10
26.55, 1684, -51, 49.37, 9.10
26.60, 1683, -51, 49.37, 9.10
26.65, 1685, -52, 49.37, 9.10
26.70, 1686, -52, 49.37, 9.10
26.75, 1689, -52, 49.39, 9.10
26.80, 1690, -52, 49.37, 9.10
26.85, 1691, -52, 49.37, 9.10
26.90, 1693, -52, 49.37, 9.10
26.95, 1694, -53, 49.37, 9.10
27.00, 1698, -54, 49.35, 9.10
27.05, 1692, -54, 49.37, 9.10
27.10, 1693, -55, 49.37, 9.10
27.15, 1690, -55, 49.35, 9.10
27.20, 1688, -56, 49.37, 9.10
27.25, 1687, -56, 49.37, 9.10
27.30, 1683, -56, 49.35, 9.10
27.35, 1684, -56, 49.35, 9.10
27.40, 1674, -56, 49.35, 9.10
27.45, 1676, -56, 49.35, 9.10
27.50, 1673, -55, 49.35, 9.10
27.55, 1670, -55, 49.35, 9.10
27.60, 1663, -54, 49.35, 9.10
27.65, 1654, -54, 49.35, 9.10
27.70, 1647, -54, 49.35, 9.10
27.75, 1642, -53, 49.33, 9.10
27.80, 1632, -53, 49.35, 9.10
27.85, 1621, -52, 49.35, 9.10
27.90, 1613, -52, 49.33, 9.10
27.95, 1605, -51, 49.33, 9.10
28.00, 1598, -51, 49.33, 9.10
28.05, 1591, -51, 49.33, 9.10
28.10, 1586, -51, 49.33, 9.10
28.15, 1581, -51, 49.33, 9.10
28.20, 1579, -51, 49.33, 9.10
28.25, 1576, -51, 49.33, 9.10
28.30, 1574, -52, 49.33, 9.10
28.35, 1574, -51, 49.33, 9.10
28.40, 1573, -52, 49.33, 9.10
28.45, 1574, -52, 49.33, 9.10
28.50, 1576, -53, 49.33, 9.10
28.55, 1580, -54, 49.33, 9.10
28.60, 1579, -54, 49.33, 9.10
28.65, 1579, -54, 49.32, 9.10
28.70, 1584, -53, 49.32, 9.10
28.75, 1586, -53, 49.32, 9.10
28.80, 1592, -52, 49.32, 9.10
28.85, 1594, -52, 49.32, 9.10
28.90, 1595, -51, 49.30, 9.10
28.95, 1594, -50, 49.32, 9.10
29.00, 1594, -49, 49.32, 9.10
29.05, 1595, -49, 49.32, 9.10
29.10, 1588, -49, 49.32, 9.10
29.15, 1589, -49, 49.30, 9.10
29.20, 1587, -49, 49.30, 9.10
29.25, 1581, -50, 49.32, 9.10
29.30, 1581, -50, 49.30, 9.10
29.35, 1579, -50, 49.30, 9.10
29.40, 1575, -50, 49.30, 9.10
29.45, 1571, -50, 49.30, 9.10
29.50, 1561, -49, 49.30, 9.10
29.55, 1556, -48, 49.30, 9.10
29.60, 1549, -47, 49.30, 9.10
29.65, 1544, -45, 49.30, 9.10
29.70, 1538, -45, 49.28, 9.10
29.75, 1529, -45, 49.30, 9.10
29.80, 1521, -46, 49.28, 9.10
29.85, 1513, -47, 49.28, 9.10
29.90, 1508, -48, 49.28, 9.10
29.95, 1503, -49, 49.28, 9.10
30.00, 1498, -50, 49.28, 9.10
30.05, 1491, -51, 49.28, 9.10
30.10, 1487, -51, 49.28, 9.10
30.15, 1481, -52, 49.28, 9.10
30.20, 1479, -53, 49.28, 9.10
30.25, 1477, -53, 49.28, 9.10
30.30, 1476, -53, 49.26, 9.10
30.35, 1475, -54, 49.28, 9.10
30.40, 1477, -55, 49.28, 9.10
30.45, 1480, -57, 49.26, 9.10
30.50, 1481, -58, 49.26, 9.10
30.55, 1489, -60, 49.26, 9.10
30.60, 1496, -61, 49.26, 9.10
30.65, 1497, -63, 49.26, 9.10
30.70, 1502, -63, 49.26, 9.10
30.75, 1502, -62, 49.26, 9.10
30.80, 1501, -61, 49.26, 9.10
30.85, 1502, -59, 49.26, 9.10
30.90, 1503, -57, 49.26, 9.10
30.95, 1495, -55, 49.26, 9.10
31.00, 1494, -52, 49.24, 9.10
31.05, 1490, -49, 49.26, 9.10
31.10, 1486, -46, 49.24, 9.10
31.15, 1482, -42, 49.24, 9.10
31.20, 1480, -39, 49.24, 9.10
31.25, 1476, -37, 49.24, 9.10
31.30, 1476, -35, 49.24, 9.10
31.35, 1469, -33, 49.24, 9.10
31.40, 1459, -33, 49.23, 9.10
31.45, 1450, -34, 49.23, 9.10
31.50, 1439, -36, 49.24, 9.10
31.55, 1429, -38, 49.23, 9.10
31.60, 1419, -42, 49.23, 9.10
31.65, 1411, -45, 49.23, 9.10
31.70, 1406, -49, 49.23, 9.10
31.75, 1401, -52, 49.23, 9.10
31.80, 1399, -54, 49.23, 9.10
31.85, 1397, -56, 49.23, 9.10
31.90, 1395, -57, 49.23, 9.10
31.95, 1393, -57, 49.21, 9.10
32.00, 1394, -58, 49.21, 9.10
32.05, 1396, -60, 49.21, 9.10
32.10, 1400, -63, 49.21, 9.10
32.15, 1404, -68, 49.23, 9.10
32.20, 1408, -72, 49.21, 9.10
32.25, 1410, -76, 49.21, 9.10
32.30, 1413, -78, 49.21, 9.10
32.35, 1414, -78, 49.21, 9.10
32.40, 1415, -76, 49.21, 9.10
32.45, 1418, -72, 49.21, 9.10
32.50, 1415, -67, 49.21, 9.10
32.55, 1412, -62, 49.21, 9.10
32.60, 1410, -56, 49.19, 9.10
32.65, 1405, -50, 49.21, 9.10
32.70, 1398, -44, 49.21, 9.10
32.75, 1394, -40, 49.21, 9.10
32.80, 1389, -37, 49.19, 9.10
32.85, 1386, -35, 49.21, 9.10
32.90, 1389, -33, 49.19, 9.10
32.95, 1386, -32, 49.19, 9.10
33.00, 1377, -32, 49.19, 9.10
33.05, 1365, -33, 49.19, 9.10
33.10, 1350, -35, 49.19, 9.10
33.15, 1335, -38, 49.19, 9.10
33.20, 1326, -42, 49.19, 9.10
33.25, 1318, -45, 49.17, 9.10
33.30, 1311, -48, 49.15, 9.10
33.35, 1308, -51, 49.15, 9.10
33.40, 1307, -53, 49.15, 9.10
33.45, 1305, -54, 49.15, 9.10
33.50, 1307, -54, 49.15, 9.10
33.55, 1310, -54, 49.15, 9.10
33.60, 1317, -54, 49.15, 9.10
33.65, 1322, -55, 49.15, 9.10
33.70, 1326, -55, 49.15, 9.10
33.75, 1329, -57, 49.15, 9.10
33.80, 1332, -59, 49.14, 9.10
33.85, 1332, -62, 49.14, 9.10
33.90, 1331, -65, 49.15, 9.10
33.95, 1333, -66, 49.14, 9.10
34.00, 1334, -66, 49.14, 9.10
34.05, 1334, -64, 49.14, 9.10
34.10, 1331, -61, 49.14, 9.10
34.15, 1325, -57, 49.14, 9.10
34.20, 1322, -53, 49.14, 9.10
34.25, 1315, -50, 49.14, 9.10
34.30, 1313, -47, 49.14, 9.10
34.35, 1311, -44, 49.14, 9.10
34.40, 1311, -41, 49.14, 9.10
34.45, 1309, -39, 49.14, 9.10
34.50, 1306, -39, 49.14, 9.10
34.55, 1304, -40, 49.12, 9.10
34.60, 1301, -42, 49.12, 9.10
34.65, 1291, -45, 49.12, 9.10
34.70, 1285, -49, 49.12, 9.10
34.75, 1277, -51, 49.12, 9.10
34.80, 1267, -53, 49.14, 9.10
34.85, 1258, -53, 49.12, 9.10
34.90, 1251, -53, 49.12, 9.10
34.95, 1243, -52, 49.12, 9.10
35.00, 1237, -52, 49.12, 9.10
35.05, 1232, -53, 49.10, 9.10
35.10, 1225, -53, 49.12, 9.10
35.15, 1223, -53, 49.10, 9.10
35.20, 1220, -53, 49.10, 9.10
35.25, 1220, -53, 49.10, 9.10
35.30, 1222, -53, 49.10, 9.10
35.35, 1227, -53, 49.10, 9.10
35.40, 1232, -54, 49.10, 9.10
35.45, 1236, -55, 49.10, 9.10
35.50, 1238, -57, 49.10, 9.10
35.55, 1237, -59, 49.10, 9.10
35.60, 1233, -62, 49.10, 9.10
35.65, 1229, -64, 49.10, 9.10
35.70, 1226, -65, 49.08, 9.10
35.75, 1225, -66, 49.08, 9.10
35.80, 1226, -66, 49.08, 9.10
35.85, 1228, -66, 49.08, 9.10
35.90, 1233, -65, 49.08, 9.10
35.95, 1235, -65, 49.08, 9.10
36.00, 1231, -64, 49.08, 9.10
36.05, 1225, -64, 49.08, 9.10
36.10, 1220, -64, 49.08, 9.10
36.15, 1218, -64, 49.08, 9.10
36.20, 1216, -64, 49.06, 9.10
36.25, 1208, -65, 49.08, 9.10
36.30, 1207, -66, 49.08, 9.10
36.35, 1207, -66, 49.08, 9.10
36.40, 1204, -66, 49.06, 9.10
36.45, 1200, -65, 49.06, 9.10
36.50, 1190, -63, 49.06, 9.10
36.55, 1176, -61, 49.06, 9.10
36.60, 1165, -59, 49.06, 9.10
36.65, 1156, -58, 49.06, 9.10
36.70, 1148, -59, 49.06, 9.10
36.75, 1136, -61, 49.05, 9.10
36.80, 1130, -63, 49.05, 9.10
36.85, 1123, -65, 49.06, 9.10
36.90, 1118, -66, 49.05, 9.10
36.95, 1113, -65, 49.05, 9.10
37.00, 1107, -63, 49.05, 9.10
37.05, 1101, -61, 49.06, 9.10
37.10, 1098, -60, 49.05, 9.10
37.15, 1096, -61, 49.05, 9.10
37.20, 1095, -62, 49.05, 9.10
37.25, 1094, -65, 49.05, 9.10
37.30, 1096, -67, 49.05, 9.10
37.35, 1100, -68, 49.05, 9.10
37.40, 1108, -67, 49.03, 9.10
37.45, 1115, -66, 49.05, 9.10
37.50, 1118, -62, 49.03, 9.10
37.55, 1122, -57, 49.03, 9.10
37.60, 1120, -51, 49.05, 9.10
37.65, 1114, -45, 49.03, 9.10
37.70, 1108, -40, 49.03, 9.10
37.75, 1102, -36, 49.03, 9.10
37.80, 1097, -34, 49.03, 9.10
37.85, 1096, -31, 49.03, 9.10
37.90, 1103, -30, 49.03, 9.10
37.95, 1107, -30, 49.03, 9.10
38.00, 1111, -30, 49.03, 9.10
38.05, 1112, -31, 49.03, 9.10
38.10, 1102, -32, 49.03, 9.10
38.15, 1093, -33, 49.03, 9.10
38.20, 1083, -35, 49.01, 9.10
38.25, 1074, -37, 49.03, 9.10
38.30, 1072, -39, 49.01, 9.10
38.35, 1069, -40, 49.01, 9.10
38.40, 1065, -42, 49.01, 9.10
38.45, 1065, -44, 49.01, 9.10
38.50, 1064, -47, 49.03, 9.10
38.55, 1067, -49, 49.01, 9.10
38.60, 1071, -51, 49.01, 9.10
38.65, 1072, -52, 49.01, 9.10
38.70, 1067, -53, 49.01, 9.10
38.75, 1066, -53, 49.01, 9.10
38.80, 1065, -53, 48.99, 9.10
38.85, 1061, -54, 48.99, 9.10
38.90, 1055, -55, 48.99, 9.10
38.95, 1050, -56, 48.99, 9.10
39.00, 1042, -56, 48.99, 9.10
39.05, 1037, -54, 48.99, 9.10
39.10, 1030, -51, 48.99, 9.10
39.15, 1027, -48, 48.99, 9.10
39.20, 1024, -46, 48.99, 9.10
39.25, 1020, -44, 48.99, 9.10
39.30, 1020, -43, 48.99, 9.10
39.35, 1026, -44, 48.99, 9.10
39.40, 1029, -45, 48.97, 9.10
39.45, 1029, -46, 48.99, 9.10
39.50, 1026, -48, 48.99, 9.10
39.55, 1018, -51, 48.97, 9.10
39.60, 1010, -54, 48.97, 9.10
39.65, 1004, -58, 48.97, 9.10
39.70, 998, -61, 48.97, 9.10
39.75, 996, -64, 48.97, 9.10
39.80, 995, -66, 48.97, 9.10
39.85, 994, -68, 48.97, 9.10
39.90, 996, -69, 48.97, 9.10
39.95, 998, -70, 48.97, 9.10
40.00, 1000, -69, 48.97, 9.10
40.05, 1000, -69, 48.97, 9.10
40.10, 1002, -69, 48.97, 9.10
40.15, 997, -69, 48.97, 9.10
40.20, 994, -70, 48.96, 9.10
40.25, 989, -70, 48.97, 9.10
40.30, 984, -71, 48.96, 9.10
40.35, 977, -72, 48.96, 9.10
40.40, 976, -72, 48.96, 9.10
40.45, 975, -70, 48.96, 9.10
40.50, 970, -67, 48.96, 9.10
40.55, 965, -61, 48.96, 9.10
40.60, 956, -56, 48.96, 9.10
40.65, 948, -50, 48.96, 9.10
40.70, 943, -46, 48.96, 9.10
40.75, 932, -44, 48.96, 9.10
40.80, 925, -43, 48.92, 9.10
40.85, 920, -44, 48.92, 9.10
40.90, 912, -45, 48.96, 9.10
40.95, 907, -47, 48.92, 9.10
41.00, 902, -49, 48.92, 9.10
41.05, 896, -50, 48.92, 9.10
41.10, 893, -51, 48.92, 9.10
41.15, 887, -51, 48.92, 9.10
41.20, 885, -50, 48.92, 9.10
41.25, 884, -48, 48.92, 9.10
41.30, 883, -47, 48.92, 9.10
41.35, 885, -47, 48.92, 9.10
41.40, 886, -47, 48.90, 9.10
41.45, 890, -49, 48.90, 9.10
41.50, 896, -52, 48.90, 9.10
41.55, 904, -56, 48.90, 9.10
41.60, 910, -60, 48.90, 9.10
41.65, 914, -63, 48.90, 9.10
41.70, 917, -65, 48.90, 9.10
41.75, 912, -66, 48.90, 9.10
41.80, 910, -66, 48.90, 9.10
41.85, 909, -66, 48.90, 9.10
41.90, 906, -64, 48.90, 9.10
41.95, 905, -63, 48.90, 9.10
42.00, 899, -62, 48.90, 9.10
42.05, 897, -61, 48.88, 9.10
42.10, 896, -61, 48.88, 9.10
42.15, 898, -61, 48.88, 9.10
42.20, 894, -62, 48.88, 9.10
42.25, 893, -63, 48.88, 9.10
42.30, 888, -65, 48.88, 9.10
42.35, 889, -68, 48.88, 9.10
42.40, 882, -71, 48.88, 9.10
42.45, 869, -76, 48.88, 9.10
42.50, 856, -80, 48.88, 9.10
42.55, 837, -85, 48.88, 9.10
42.60, 824, -89, 48.88, 9.10
42.65, 812, -92, 48.88, 9.10
42.70, 800, -93, 48.88, 9.10
42.75, 794, -92, 48.88, 9.10
42.80, 790, -89, 48.88, 9.10
42.85, 787, -85, 48.87, 9.10
42.90, 785, -79, 48.87, 9.10
42.95, 781, -74, 48.87, 9.10
43.00, 778, -68, 48.87, 9.10
43.05, 775, -64, 48.87, 9.10
43.10, 769, -62, 48.87, 9.10
43.15, 766, -61, 48.87, 9.10
43.20, 761, -62, 48.87, 9.10
43.25, 758, -63, 48.87, 9.10
43.30, 753, -62, 48.87, 9.10
43.35, 749, -60, 48.87, 9.10
43.40, 745, -56, 48.87, 9.10
43.45, 742, -51, 48.85, 9.10
43.50, 736, -45, 48.85, 9.10
43.55, 732, -38, 48.85, 9.10
43.60, 730, -33, 48.85, 9.10
43.65, 728, -29, 48.85, 9.10
43.70, 728, -27, 48.85, 9.10
43.75, 733, -25, 48.85, 9.10
43.80, 742, -24, 48.85, 9.10
43.85, 751, -24, 48.85, 9.10
43.90, 760, -23, 48.83, 9.10
43.95, 769, -23, 48.85, 9.10
44.00, 778, -24, 48.83, 9.10
44.05, 782, -25, 48.85, 9.10
44.10, 781, -26, 48.85, 9.10
44.15, 773, -27, 48.83, 9.10
44.20, 767, -29, 48.83, 9.10
44.25, 765, -31, 48.83, 9.10
44.30, 764, -32, 48.83, 9.10
44.35, 765, -33, 48.83, 9.10
44.40, 768, -33, 48.83, 9.10
44.45, 769, -34, 48.83, 9.10
44.50, 768, -35, 48.83, 9.10
44.55, 765, -35, 48.83, 9.10
44.60, 757, -36, 48.83, 9.10
44.65, 751, -37, 48.81, 9.10
44.70, 746, -38, 48.83, 9.10
44.75, 745, -40, 48.83, 9.10
44.80, 740, -42, 48.83, 9.10
44.85, 740, -44, 48.81, 9.10
44.90, 737, -47, 48.81, 9.10
44.95, 732, -50, 48.81, 9.10
45.00, 728, -52, 48.81, 9.10
45.05, 721, -54, 48.81, 9.10
45.10, 712, -55, 48.81, 9.10
45.15, 705, -54, 48.81, 9.10
45.20, 695, -53, 48.81, 9.10
45.25, 692, -52, 48.81, 9.10
45.30, 685, -50, 48.79, 9.10
45.35, 679, -50, 48.81, 9.10
45.40, 676, -50, 48.79, 9.10
45.45, 668, -50, 48.79, 9.10
45.50, 664, -51, 48.79, 9.10
45.55, 660, -52, 48.79, 9.10
45.60, 656, -52, 48.79, 9.10
45.65, 655, -52, 48.79, 9.10
45.70, 659, -52, 48.79, 9.10
45.75, 660, -52, 48.79, 9.10
45.80, 664, -52, 48.79, 9.10
45.85, 669, -51, 48.79, 9.10
45.90, 674, -52, 48.79, 9.10
45.95, 676, -54, 48.78, 9.10
46.00, 673, -57, 48.78, 9.10
46.05, 668, -60, 48.78, 9.10
46.10, 665, -62, 48.78, 9.10
46.15, 664, -64, 48.78, 9.10
46.20, 665, -64, 48.78, 9.10
46.25, 665, -64, 48.78, 9.10
46.30, 671, -64, 48.78, 9.10
46.35, 674, -64, 48.78, 9.10
46.40, 674, -64, 48.78, 9.10
46.45, 668, -64, 48.78, 9.10
46.50, 659, -64, 48.78, 9.10
46.55, 655, -63, 48.76, 9.10
46.60, 650, -63, 48.78, 9.10
46.65, 647, -62, 48.78, 9.10
46.70, 638, -62, 48.76, 9.10
46.75, 639, -61, 48.76, 9.10
46.80, 644, -60, 48.76, 9.10
46.85, 640, -59, 48.76, 9.10
46.90, 631, -58, 48.76, 9.10
46.95, 617, -57, 48.76, 9.10
47.00, 600, -56, 48.76, 9.10
47.05, 586, -55, 48.76, 9.10
47.10, 578, -55, 48.74, 9.10
47.15, 571, -55, 48.74, 9.10
47.20, 566, -55, 48.74, 9.10
47.25, 559, -56, 48.74, 9.10
47.30, 554, -56, 48.74, 9.10
47.35, 549, -57, 48.74, 9.10
47.40, 543, -58, 48.74, 9.10
47.45, 538, -59, 48.74, 9.10
47.50, 536, -61, 48.74, 9.10
47.55, 535, -62, 48.74, 9.10
47.60, 536, -63, 48.74, 9.10
47.65, 537, -64, 48.72, 9.10
47.70, 539, -64, 48.72, 9.10
47.75, 546, -64, 48.72, 9.10
47.80, 554, -63, 48.72, 9.10
47.85, 560, -60, 48.74, 9.10
47.90, 562, -56, 48.72, 9.10
47.95, 565, -50, 48.72, 9.10
48.00, 565, -43, 48.72, 9.10
48.05, 560, -37, 48.70, 9.10
48.10, 556, -32, 48.70, 9.10
48.15, 556, -28, 48.70, 9.10
48.20, 561, -25, 48.70, 9.10
48.25, 561, -23, 48.70, 9.10
48.30, 562, -22, 48.69, 9.10
48.35, 560, -21, 48.69, 9.10
48.40, 554, -21, 48.69, 9.10
48.45, 542, -21, 48.69, 9.10
48.50, 533, -22, 48.69, 9.10
48.55, 526, -24, 48.69, 9.10
48.60, 519, -25, 48.69, 9.10
48.65, 516, -28, 48.69, 9.10
48.70, 515, -31, 48.69, 9.10
48.75, 514, -35, 48.69, 9.10
48.80, 515, -39, 48.67, 9.10
48.85, 516, -44, 48.69, 9.10
48.90, 517, -48, 48.67, 9.10
48.95, 519, -51, 48.69, 9.10
49.00, 517, -54, 48.67, 9.10
49.05, 519, -55, 48.67, 9.10
49.10, 518, -56, 48.67, 9.10
49.15, 518, -56, 48.67, 9.10
49.20, 517, -56, 48.67, 9.10
49.25, 512, -56, 48.67, 9.10
49.30, 508, -54, 48.67, 9.10
49.35, 503, -53, 48.67, 9.10
49.40, 501, -50, 48.67, 9.10
49.45, 494, -47, 48.67, 9.10
49.50, 488, -45, 48.67, 9.10
49.55, 486, -42, 48.67, 9.10
49.60, 486, -41, 48.67, 9.10
49.65, 484, -41, 48.65, 9.10
49.70, 481, -42, 48.65, 9.10
49.75, 476, -43, 48.65, 9.10
49.80, 474, -45, 48.65, 9.10
49.85, 468, -47, 48.65, 9.10
49.90, 462, -49, 48.65, 9.10
49.95, 456, -53, 48.65, 9.10
50.00, 451, -58, 48.65, 9.10
50.05, 448, -64, 48.65, 9.10
50.10, 446, -69, 48.63, 9.10
50.15, 448, -74, 48.65, 9.10
50.20, 451, -78, 48.63, 9.10
50.25, 454, -80, 48.63, 9.10
50.30, 456, -82, 48.63, 9.10
50.35, 455, -83, 48.63, 9.10
50.40, 451, -83, 48.63, 9.10
50.45, 446, -83, 48.63, 9.10
50.50, 445, -83, 48.63, 9.10
50.55, 445, -83, 48.63, 9.10
50.60, 440, -83, 48.63, 9.10
50.65, 436, -84, 48.63, 9.10
50.70, 427, -84, 48.63, 9.10
50.75, 427, -84, 48.61, 9.10
50.80, 429, -83, 48.61, 9.10
50.85, 426, -81, 48.61, 9.10
50.90, 417, -79, 48.61, 9.10
50.95, 407, -76, 48.61, 9.10
51.00, 394, -72, 48.61, 9.10
51.05, 381, -68, 48.61, 9.10
51.10, 370, -64, 48.61, 9.10
51.15, 361, -60, 48.61, 9.10
51.20, 353, -56, 48.61, 9.10
51.25, 347, -53, 48.61, 9.10
51.30, 341, -51, 48.61, 9.10
51.35, 335, -50, 48.60, 9.10
51.40, 331, -50, 48.60, 9.10
51.45, 328, -49, 48.60, 9.10
51.50, 326, -49, 48.60, 9.10
51.55, 323, -49, 48.60, 9.10
51.60, 319, -48, 48.60, 9.10
51.65, 316, -48, 48.60, 9.10
51.70, 314, -47, 48.60, 9.10
51.75, 309, -47, 48.60, 9.10
51.80, 308, -46, 48.60, 9.10
51.85, 306, -46, 48.60, 9.10
51.90, 306, -44, 48.60, 9.10
51.95, 308, -42, 48.58, 9.10
52.00, 313, -40, 48.60, 9.10
52.05, 322, -39, 48.58, 9.10
52.10, 334, -38, 48.58, 9.10
52.15, 346, -40, 48.58, 9.10
52.20, 352, -41, 48.58, 9.10
52.25, 357, -44, 48.58, 9.10
52.30, 358, -46, 48.58, 9.10
52.35, 354, -48, 48.58, 9.10
52.40, 352, -49, 48.58, 9.10
52.45, 349, -50, 48.58, 9.10
52.50, 349, -50, 48.56, 9.10
52.55, 345, -51, 48.56, 9.10
52.60, 341, -51, 48.56, 9.10
52.65, 341, -51, 48.56, 9.10
52.70, 337, -51, 48.56, 9.10
52.75, 336, -51, 48.56, 9.10
52.80, 332, -51, 48.56, 9.10
52.85, 331, -52, 48.56, 9.10
52.90, 326, -54, 48.56, 9.10
52.95, 314, -56, 48.56, 9.10
53.00, 311, -58, 48.56, 9.10
53.05, 301, -62, 48.54, 9.10
53.10, 286, -64, 48.56, 9.10
53.15, 273, -66, 48.54, 9.10
53.20, 260, -66, 48.54, 9.10
53.25, 249, -64, 48.54, 9.10
53.30, 241, -61, 48.54, 9.10
53.35, 236, -58, 48.54, 9.10
53.40, 232, -56, 48.54, 9.10
53.45, 226, -55, 48.54, 9.10
53.50, 224, -55, 48.54, 9.10
53.55, 220, -55, 48.54, 9.10
53.60, 216, -55, 48.54, 9.10
53.65, 215, -55, 48.54, 9.10
53.70, 211, -55, 48.52, 9.10
53.75, 209, -54, 48.52, 9.10
53.80, 206, -53, 48.52, 9.10
53.85, 203, -52, 48.54, 9.10
53.90, 202, -50, 48.52, 9.10
53.95, 201, -47, 48.52, 9.10
54.00, 202, -44, 48.52, 9.10
54.05, 206, -40, 48.52, 9.10
54.10, 211, -37, 48.52, 9.10
54.15, 217, -34, 48.51, 9.10
54.20, 227, -32, 48.51, 9.10
54.25, 237, -31, 48.51, 9.10
54.30, 244, -32, 48.51, 9.10
54.35, 249, -33, 48.51, 9.10
54.40, 246, -36, 48.51, 9.10
54.45, 240, -38, 48.51, 9.10
54.50, 237, -40, 48.51, 9.10
54.55, 234, -42, 48.51, 9.10
54.60, 235, -43, 48.51, 9.10
54.65, 228, -43, 48.51, 9.10
54.70, 231, -44, 48.51, 9.10
54.75, 228, -44, 48.51, 9.10
54.80, 225, -44, 48.51, 9.10
54.85, 226, -44, 48.49, 9.10
54.90, 226, -45, 48.51, 9.10
54.95, 224, -46, 48.49, 9.10
55.00, 220, -49, 48.47, 9.10
55.05, 215, -52, 48.47, 9.10
55.10, 210, -55, 48.49, 9.10
55.15, 198, -59, 48.47, 9.10
55.20, 192, -62, 48.47, 9.10
55.25, 185, -64, 48.47, 9.10
55.30, 173, -64, 48.47, 9.10
55.35, 161, -63, 48.47, 9.10
55.40, 150, -60, 48.47, 9.10
55.45, 143, -56, 48.47, 9.10
55.50, 137, -53, 48.45, 9.10
55.55, 132, -50, 48.47, 9.10
55.60, 130, -48, 48.45, 9.10
55.65, 125, -48, 48.45, 9.10
55.70, 123, -48, 48.45, 9.10
55.75, 121, -48, 48.45, 9.10
55.80, 117, -48, 48.45, 9.10
55.85, 115, -49, 48.43, 9.10
55.90, 113, -49, 48.45, 9.10
55.95, 111, -50, 48.45, 9.10
56.00, 106, -50, 48.45, 9.10
56.05, 104, -49, 48.45, 9.10
56.10, 102, -48, 48.43, 9.10
56.15, 103, -45, 48.43, 9.10
56.20, 108, -43, 48.43, 9.10
56.25, 114, -40, 48.43, 9.10
56.30, 121, -38, 48.43, 9.10
56.35, 128, -36, 48.43, 9.10
56.40, 130, -36, 48.43, 9.10
56.45, 137, -37, 48.43, 9.10
56.50, 140, -40, 48.43, 9.10
56.55, 141, -42, 48.43, 9.10
56.60, 141, -44, 48.42, 9.10
56.65, 137, -46, 48.42, 9.10
56.70, 132, -48, 48.42, 9.10
56.75, 133, -48, 48.42, 9.10
56.80, 134, -48, 48.42, 9.10
56.85, 130, -47, 48.42, 9.10
56.90, 123, -46, 48.42, 9.10
56.95, 122, -45, 48.42, 9.10
57.00, 118, -43, 48.42, 9.10
57.05, 114, -43, 48.40, 9.10
57.10, 110, -42, 48.42, 9.10
57.15, 108, -43, 48.42, 9.10
57.20, 107, -45, 48.42, 9.10
57.25, 101, -46, 48.40, 9.10
57.30, 95, -48, 48.42, 9.10
57.35, 84, -50, 48.42, 9.10
57.40, 73, -51, 48.40, 9.10
57.45, 60, -52, 48.40, 9.10
57.50, 49, -52, 48.40, 9.10
57.55, 42, -52, 48.40, 9.10
57.60, 33, -51, 48.40, 9.10
57.65, 28, -51, 48.38, 9.10
57.70, 24, -49, 48.40, 9.10
57.75, 23, -50, 48.40, 9.10
57.80, 23, -51, 48.40, 9.10
57.85, 22, -54, 48.40, 9.10
57.90, 22, -59, 48.38, 9.10
57.95, 22, -61, 48.38, 9.10
58.00, 24, -62, 48.38, 9.10
58.05, 23, -62, 48.38, 9.10
58.10, 21, -60, 48.38, 9.10
58.15, 22, -59, 48.38, 9.10
58.20, 23, -57, 48.38, 9.10
58.25, 25, -54, 48.38, 9.10
58.30, 30, -51, 48.38, 9.10
58.35, 32, -46, 48.36, 9.10
58.40, 35, -41, 48.36, 9.10
58.45, 37, -35, 48.38, 9.10
58.50, 37, -30, 48.36, 9.10
58.55, 39, -26, 48.38, 9.10
58.60, 39, -22, 48.36, 9.10
58.65, 37, -19, 48.36, 9.10
58.70, 39, -17, 48.36, 9.10
58.75, 40, -16, 48.33, 9.10
58.80, -8, -15, 48.36, 9.10
58.85, -6, -15, 48.36, 9.10
58.90, -7, -15, 48.36, 9.10
58.95, -7, -15, 48.36, 9.10
59.00, -7, -15, 48.36, 9.10
59.05, -7, -15, 48.34, 9.10
59.10, -6, -15, 48.34, 9.10
59.15, -5, -15, 48.34, 9.10
59.20, -6, -16, 48.34, 9.10
59.25, -10, -17, 48.34, 9.10
59.30, -7, -18, 48.34, 9.10
59.35, -7, -20, 48.34, 9.10
59.40, -8, -21, 48.33, 9.10
59.45, -7, -22, 48.33, 9.10
59.50, -7, -22, 48.33, 9.10
59.55, -7, -23, 48.33, 9.10
59.60, -7, -23, 48.33, 9.10
59.65, -6, -23, 48.33, 9.10
59.70, -6, -22, 48.33, 9.10
59.75, -6, -19, 48.33, 9.10
59.80, -7, -15, 48.33, 9.10
59.85, -7, -9, 48.31, 9.10
59.90, -7, -5, 48.31, 9.10
59.95, -7, -2, 48.31, 9.10
60.00, -7, -0, 48.31, 9.10
60.05, -7, -0, 48.31, 9.10
60.10, -7, -0, 48.31, 9.10
60.15, -7, -0, 48.31, 9.10
60.20, -7, -0, 48.31, 9.10
60.25, -7, 0, 48.29, 9.10
60.30, -6, 0, 48.29, 9.10
60.35, -7, 0, 48.31, 9.10
60.40, -6, 0, 48.29, 9.10
60.45, -7, 0, 48.29, 9.10
60.50, -7, 0, 48.29, 9.10
60.55, -7, 0, 48.29, 9.10
60.60, -7, 0, 48.27, 9.10
60.65, -6, -0, 48.29, 9.10
60.70, -7, -0, 48.27, 9.10
60.75, -7, -0, 48.27, 9.10
60.80, -8, -0, 48.27, 9.10
60.85, -7, -0, 48.27, 9.10
60.90, -7, -0, 48.27, 9.10
60.95, -7, 0, 48.27, 9.10
61.00, -7, 0, 48.27, 9.10
61.05, -6, 0, 48.27, 9.10
61.10, -7, 0, 48.27, 9.10
61.15, -7, 0, 48.27, 9.10
61.20, -7, 0, 48.27, 9.10
61.25, -7, 0, 48.24, 9.10
61.30, -7, 0, 48.25, 9.10
61.35, -6, 0, 48.24, 9.10
61.40, -7, 0, 48.24, 9.10
61.45, -7, 0, 48.24, 9.10
61.50, -6, 0, 48.24, 9.10
61.55, -6, 0, 48.27, 9.10
61.60, -6, 0, 48.24, 9.10
61.65, -7, 0, 48.24, 9.10
61.70, -7, 0, 48.24, 9.10
61.75, -8, 0, 48.24, 9.10
61.80, -7, 0, 48.24, 9.10
61.85, -7, 0, 48.24, 9.10
61.90, -7, 0, 48.22, 9.10
61.95, -7, 0, 48.22, 9.10
62.00, -6, 0, 48.22, 9.10
62.05, -7, -0, 48.24, 9.10
62.10, -7, -0, 48.22, 9.10
62.15, -7, -0, 48.24, 9.10
62.20, -6, -0, 48.22, 9.10
62.25, -7, -0, 48.22, 9.10
62.30, -6, -0, 48.22, 9.10
62.35, -7, -0, 48.22, 9.10
62.40, -7, -0, 48.22, 9.10
62.45, -6, -0, 48.22, 9.10
62.50, -6, -0, 48.20, 9.10
62.55, -7, -1, 48.22, 9.10
62.60, -7, -0, 48.20, 9.10
62.65, -7, -0, 48.20, 9.10
62.70, -7, -0, 48.20, 9.10
62.75, -7, 0, 48.20, 9.10
62.80, -7, 0, 48.20, 9.10
62.85, -7, 0, 48.20, 9.10
62.90, -7, 0, 48.20, 9.10
62.95, -6, -0, 48.20, 9.10
63.00, -7, -0, 48.20, 9.10
63.05, -7, -0, 48.20, 9.10
63.10, -7, -0, 48.20, 9.10
63.15, -7, -0, 48.18, 9.10
63.20, -7, -0, 48.20, 9.10
63.25, -7, -0, 48.18, 9.10
63.30, -7, -0, 48.18, 9.10
63.35, -7, -0, 48.18, 9.10
63.40, -7, -0, 48.18, 9.10
63.45, -7, -0, 48.18, 9.10
63.50, -8, -0, 48.18, 9.10
63.55, -7, -0, 48.18, 9.10
63.60, -8, 0, 48.18, 9.10
63.65, -7, 0, 48.18, 9.10
63.70, -7, 0, 48.18, 9.10
63.75, -7, 0, 48.18, 9.10
63.80, -7, 0, 48.18, 9.10
63.85, -6, 0, 48.16, 9.10
63.90, -7, 0, 48.18, 9.10
63.95, -8, -0, 48.18, 9.10
64.00, -7, -0, 48.18, 9.10
64.05, -7, -0, 48.16, 9.10
64.10, -7, -0, 48.16, 9.10
64.15, -8, -0, 48.18, 9.10
64.20, -7, -0, 48.16, 9.10
64.25, -7, -0, 48.16, 9.10
64.30, -7, -0, 48.16, 9.10
64.35, -7, -0, 48.16, 9.10
64.40, -7, 0, 48.16, 9.10
64.45, -7, 0, 48.16, 9.10
64.50, -7, 0, 48.16, 9.10
64.55, -6, 0, 48.16, 9.10
64.60, -7, 0, 48.16, 9.10
64.65, -7, 0, 48.16, 9.10
64.70, -5, 0, 48.16, 9.10
64.75, -7, 0, 48.15, 9.10
64.80, -6, 0, 48.15, 9.10
64.85, -7, -0, 48.16, 9.10
64.90, -7, -0, 48.15, 9.10
64.95, -7, -1, 48.15, 9.10
65.00, -7, -1, 48.15, 9.10
65.05, -7, -2, 48.15, 9.10
65.10, -7, -2, 48.15, 9.10
65.15, -8, -1, 48.15, 9.10
65.20, -7, -1, 48.15, 9.10
65.25, -8, 1, 48.15, 9.10
65.30, -7, 1, 48.15, 9.10
65.35, -7, 2, 48.15, 9.10
65.40, -7, 1, 48.15, 9.10
65.45, -7, 1, 48.15, 9.10
65.50, -7, -0, 48.15, 9.10
65.55, -7, -0, 48.15, 9.10
65.60, -7, -0, 48.15, 9.10
65.65, -7, -0, 48.15, 9.10
65.70, -7, -0, 48.13, 9.10
65.75, -6, -0, 48.13, 9.10
65.80, -7, -0, 48.13, 9.10
65.85, -7, -0, 48.13, 9.10
65.90, -7, -0, 48.15, 9.10
65.95, -7, -0, 48.13, 9.10
