serial,tick,ptype,state,v_batt,v_pyro,sense,v_apogee,v_main,ground_pres,ground_accel,accel_plus_g,accel_minus_g,acceleration,speed,height,crc
11047,95.27,9,2,4.1,4.2,0.00 0.00 0.00 4.20,4.2,4.14,97691,-28,-29,10,-0.5625,-1.25,-1,TRUE
11047,227.58,9,2,4.1,4.19,0.00 0.00 0.00 4.20,4.2,4.14,97675,-29,-29,10,-0.5,-0.9375,-1,TRUE
11047,228.59,9,2,4.1,4.2,0.00 0.00 0.00 4.20,4.2,4.14,97675,-29,-29,10,-0.6875,-1.125,-1,TRUE
11047,229.6,9,2,4.1,4.2,0.00 0.00 0.00 4.20,4.2,4.14,97675,-29,-29,10,-0.3125,-1.125,-1,TRUE
11047,230.61,9,2,4.1,4.2,0.00 0.00 0.00 4.20,4.2,4.14,97675,-29,-29,10,-0.4375,-1.125,-1,TRUE
11047,231.62,9,2,4.1,4.2,0.00 0.00 0.00 4.20,4.2,4.14,97675,-29,-29,10,-0.5625,-1.25,-1,TRUE
11047,232.63,9,2,4.1,4.19,0.00 0.00 0.00 4.20,4.2,4.14,97675,-29,-29,10,-0.125,-1.25,-1,TRUE
11047,233.64,9,2,4.1,4.2,0.00 0.00 0.00 4.20,4.14,4.14,97673,-29,-29,10,-0.6875,-1.25,-1,TRUE
11047,234.65,9,2,4.1,4.2,0.00 0.00 0.00 4.20,4.2,4.2,97673,-29,-29,10,-0.5,-1.25,-1,TRUE
11047,235.66,9,2,4.1,4.2,0.00 0.00 0.00 4.20,4.2,4.14,97673,-29,-29,10,-0.125,-1.0625,-1,TRUE
11047,236.67,9,2,4.09,4.19,0.00 0.00 0.00 4.20,4.2,4.14,97673,-29,-29,10,-0.5625,-1.0625,-1,TRUE
11047,237.68,9,2,4.1,4.2,0.00 0.00 0.00 4.20,4.2,4.2,97673,-29,-29,10,-0.625,-1,-1,TRUE
11047,238.69,9,2,4.1,4.2,0.00 0.00 0.00 4.20,4.2,4.2,97673,-29,-29,10,-0.625,-1.125,-1,TRUE
11047,239.7,9,2,4.09,4.2,0.00 0.00 0.00 4.20,4.2,4.2,97673,-29,-29,10,-0.375,-1.0625,-1,TRUE
11047,241.72,9,2,4.1,4.2,0.00 0.00 0.00 4.20,4.2,4.2,97673,-29,-29,10,0,-1.25,-1,TRUE
11047,242.73,9,2,4.1,4.2,0.00 0.00 0.00 4.20,4.2,4.2,97673,-29,-29,10,-0.5,-1.125,-1,TRUE
11047,243.74,9,2,4.1,4.2,0.00 0.00 0.00 4.20,4.2,4.2,97672,-29,-29,10,-0.5625,-1.125,-1,TRUE
11047,244.75,9,2,4.1,4.2,0.00 0.00 0.00 4.20,4.2,4.14,97672,-29,-29,10,-0.1875,-1.0625,-1,TRUE
11047,245.76,9,2,4.1,4.2,0.00 0.00 0.00 4.20,4.14,4.14,97672,-29,-29,10,-0.6875,-1.125,-1,TRUE
11047,246.77,9,2,4.09,4.2,0.00 0.00 0.00 4.20,4.2,4.14,97672,-29,-29,10,-0.5,-1.0625,-1,TRUE
11047,247.78,9,2,4.1,4.18,0.00 0.00 0.00 4.20,4.2,4.2,97672,-29,-29,10,-0.625,-1.0625,-1,TRUE
11047,248.79,9,2,4.1,4.19,0.00 0.00 0.00 4.20,4.2,4.14,97672,-29,-29,10,-0.75,-1.3125,-1,TRUE
11047,249.8,9,2,4.1,4.2,0.00 0.00 0.00 4.20,4.2,4.2,97672,-29,-29,10,-0.1875,-1.125,-1,TRUE
11047,250.81,9,2,4.1,4.2,0.00 0.00 0.00 4.20,4.2,4.14,97672,-29,-29,10,-0.4375,-1.0625,-1,TRUE
11047,251.82,9,2,4.09,4.19,0.00 0.00 0.00 4.20,4.2,4.14,97672,-29,-29,10,-0.5,-0.75,-1,TRUE
11047,252.83,9,2,4.1,4.2,0.00 0.00 0.00 4.20,4.2,4.14,97672,-29,-29,10,-0.75,-0.75,-1,TRUE
11047,253.84,9,2,4.1,4.2,0.00 0.00 0.00 4.20,4.2,4.2,97672,-29,-29,10,-0.75,-0.875,-1,TRUE
11047,254.85,9,2,4.1,4.19,0.00 0.00 0.00 4.20,4.2,4.14,97671,-29,-29,10,-0.5,-1.0625,0,TRUE
11047,255.86,9,2,4.09,4.19,0.00 0.00 0.00 4.20,4.2,4.14,97671,-29,-29,10,-0.125,-1,0,TRUE
11047,256.87,9,2,4.1,4.2,0.00 0.00 0.00 4.20,4.2,4.2,97671,-29,-29,10,-0.5625,-1,-1,TRUE
11047,267.98,9,2,4.1,4.2,0.00 0.00 0.00 4.20,4.2,4.14,97669,-29,-29,10,-0.5625,-1.1875,-1,TRUE
11047,268.99,9,2,4.1,4.21,0.00 0.00 0.00 4.20,4.2,4.2,97669,-29,-29,10,-0.1875,-1.0625,-2,TRUE
11047,270,9,2,4.1,4.19,0.00 0.00 0.00 4.20,4.2,4.14,97669,-29,-29,10,-0.125,-0.875,-1,TRUE
11047,272.02,9,2,4.09,4.2,0.00 0.00 0.00 4.20,4.2,4.14,97669,-29,-29,10,-0.375,-0.9375,-1,TRUE
11047,273.03,9,2,4.1,4.2,0.00 0.00 0.00 4.20,4.2,4.2,97669,-29,-29,10,-0.25,-1,-1,TRUE
11047,274.04,9,2,4.1,4.2,0.00 0.00 0.00 4.20,4.2,4.2,97669,-29,-29,10,-0.125,-1,-1,TRUE
11047,275.05,9,2,4.1,4.2,0.00 0.00 0.00 4.20,4.2,4.14,97667,-29,-29,10,0,-1,-1,TRUE
11047,276.06,9,2,4.1,4.2,0.00 0.00 0.00 4.20,4.2,4.14,97667,-29,-29,10,-0.3125,-1,-1,TRUE
11047,277.07,9,2,4.1,4.2,0.00 0.00 0.00 4.20,4.2,4.14,97667,-29,-29,10,-0.5625,-1.125,-1,TRUE
11047,278.08,9,2,4.1,4.2,0.00 0.00 0.00 4.20,4.2,4.2,97667,-29,-29,10,-0.5625,-1.1875,-1,TRUE
11047,279.09,9,2,4.09,4.2,0.00 0.00 0.00 4.20,4.2,4.2,97667,-29,-29,10,-0.375,-1.25,-2,TRUE
11047,280.1,9,2,4.1,4.2,0.00 0.00 0.00 4.20,4.2,4.14,97667,-29,-29,10,-0.75,-1.25,-1,TRUE
11047,281.11,9,2,4.1,4.19,0.00 0.00 0.00 4.20,4.2,4.2,97667,-29,-29,10,-0.375,-1.125,-2,TRUE
11047,282.12,9,2,4.09,4.2,0.00 0.00 0.00 4.20,4.2,4.14,97667,-29,-29,10,-0.125,-1.0625,-1,TRUE
11047,283.13,9,2,4.1,4.2,0.00 0.00 0.00 4.20,4.2,4.14,97667,-29,-29,10,-0.25,-1.125,-1,TRUE
11047,284.14,9,2,4.1,4.2,0.00 0.00 0.00 4.20,4.2,4.2,97667,-29,-29,10,-0.75,-1.1875,-2,TRUE
11047,285.15,9,2,4.1,4.2,0.00 0.00 0.00 4.20,4.2,4.14,97665,-29,-29,10,-0.375,-1.1875,-1,TRUE
11047,286.16,9,2,4.1,4.2,0.00 0.00 0.00 4.20,4.2,4.2,97665,-29,-29,10,-0.4375,-1.125,-1,TRUE
11047,287.17,9,2,4.1,4.2,0.00 0.00 0.00 4.20,4.2,4.2,97665,-29,-29,10,-0.3125,-1.125,-1,TRUE
11047,288.18,9,2,4.1,4.2,0.00 0.00 0.00 4.20,4.2,4.14,97665,-29,-29,10,-0.3125,-1.0625,-1,TRUE
11047,289.19,9,2,4.1,4.2,0.00 0.00 0.00 4.20,4.2,4.2,97665,-29,-29,10,-0.4375,-1.0625,-1,TRUE
11047,290.2,9,2,4.1,4.21,0.00 0.00 0.00 4.20,4.2,4.14,97665,-29,-29,10,-0.3125,-1.0625,-1,TRUE
11047,291.21,9,2,4.1,4.2,0.00 0.00 0.00 4.20,4.2,4.14,97665,-29,-29,10,-0.4375,-1.25,-1,TRUE
11047,292.22,9,2,4.1,4.2,0.00 0.00 0.00 4.20,4.2,4.2,97665,-29,-29,10,-0.6875,-1.25,-2,TRUE
11047,293.23,9,2,4.1,4.2,0.00 0.00 0.00 4.20,4.2,4.2,97665,-29,-29,10,-0.1875,-1.1875,-1,TRUE
11047,294.24,9,2,4.1,4.2,0.00 0.00 0.00 4.20,4.2,4.2,97665,-29,-29,10,-0.1875,-1.125,-1,TRUE
11047,295.25,9,2,4.1,4.2,0.00 0.00 0.00 4.20,4.2,4.14,97664,-29,-29,10,-0.4375,-0.9375,-1,TRUE
11047,296.26,9,2,4.1,4.2,0.00 0.00 0.00 4.20,4.2,4.14,97664,-29,-29,10,-0.75,-1.125,-2,TRUE
11047,297.27,9,2,4.1,4.2,0.00 0.00 0.00 4.20,4.2,4.2,97664,-29,-29,10,-0.8125,-1.1875,-1,TRUE
11047,298.28,9,2,4.1,4.19,0.00 0.00 0.00 4.20,4.2,4.14,97664,-29,-29,10,-0.5625,-1.1875,-1,TRUE
11047,299.29,9,2,4.1,4.19,0.00 0.00 0.00 4.20,4.2,4.14,97664,-29,-29,10,-0.875,-1.125,-1,TRUE
11047,300.3,9,2,4.1,4.2,0.00 0.00 0.00 4.20,4.2,4.2,97664,-29,-29,10,-0.5,-1.1875,-1,TRUE
11047,301.31,9,2,4.1,4.2,0.00 0.00 0.00 4.20,4.2,4.14,97664,-29,-29,10,-0.1875,-1.125,-1,TRUE
11047,302.32,9,2,4.1,4.2,0.00 0.00 0.00 4.20,4.2,4.2,97664,-29,-29,10,-0.25,-1.1875,-1,TRUE
11047,303.33,9,2,4.1,4.2,0.00 0.00 0.00 4.20,4.2,4.14,97664,-29,-29,10,-0.25,-1.25,-1,TRUE
11047,304.34,9,2,4.1,4.2,0.00 0.00 0.00 4.20,4.2,4.2,97664,-29,-29,10,-0.0625,-1.0625,-1,TRUE
11047,305.35,9,2,4.1,4.19,0.00 0.00 0.00 4.20,4.2,4.14,97664,-29,-29,10,-0.4375,-1,-1,TRUE
11047,306.36,9,2,4.1,4.19,0.00 0.00 0.00 4.20,4.2,4.2,97664,-29,-29,10,-0.375,-0.875,-1,TRUE
11047,307.37,9,2,4.1,4.21,0.00 0.00 0.00 4.20,4.2,4.2,97664,-29,-29,10,-0.8125,-1,-1,TRUE
11047,308.38,9,2,4.1,4.2,0.00 0.00 0.00 4.20,4.2,4.14,97664,-29,-29,10,-0.4375,-1.125,-1,TRUE
11047,309.39,9,2,4.1,4.2,0.00 0.00 0.00 4.20,4.2,4.14,97664,-29,-29,10,-0.4375,-1.25,-1,TRUE
11047,310.4,9,2,4.1,4.2,0.00 0.00 0.00 4.20,4.2,4.14,97664,-29,-29,10,-0.625,-1.1875,-1,TRUE
11047,311.41,9,2,4.1,4.2,0.00 0.00 0.00 4.20,4.2,4.14,97664,-29,-29,10,-0.3125,-1,-1,TRUE
11047,312.42,9,2,4.1,4.19,0.00 0.00 0.00 4.20,4.2,4.14,97664,-29,-29,10,-0.3125,-1,-1,TRUE
11047,313.43,9,2,4.1,4.2,0.00 0.00 0.00 4.20,4.2,4.2,97664,-29,-29,10,-0.125,-0.9375,-1,TRUE
11047,314.44,9,2,4.1,4.21,0.00 0.00 0.00 4.20,4.2,4.2,97664,-29,-29,10,-0.6875,-1,-1,TRUE
11047,315.45,9,2,4.1,4.2,0.00 0.00 0.00 4.20,4.2,4.14,97661,-29,-29,10,-0.125,-1,-1,TRUE
11047,316.46,9,2,4.1,4.2,0.00 0.00 0.00 4.20,4.2,4.2,97661,-29,-29,10,-0.3125,-1,-1,TRUE
11047,317.47,9,2,4.1,4.2,0.00 0.00 0.00 4.20,4.2,4.2,97661,-29,-29,10,-0.3125,-1,-1,TRUE
11047,318.48,9,2,4.1,4.19,0.00 0.00 0.00 4.20,4.2,4.14,97661,-29,-29,10,-0.625,-0.9375,-1,TRUE
11047,319.49,9,2,4.09,4.2,0.00 0.00 0.00 4.20,4.2,4.14,97661,-29,-29,10,-0.8125,-1.125,-1,TRUE
11047,320.5,9,2,4.1,4.2,0.00 0.00 0.00 4.20,4.2,4.14,97661,-29,-29,10,-0.1875,-1.0625,-1,TRUE
11047,321.51,9,2,4.09,4.2,0.00 0.00 0.00 4.20,4.2,4.14,97661,-29,-29,10,-0.625,-1.125,-1,TRUE
11047,322.52,9,2,4.09,4.19,0.00 0.00 0.00 4.20,4.2,4.2,97661,-29,-29,10,-0.5,-1,-1,TRUE
11047,323.53,9,2,4.09,4.2,0.00 0.00 0.00 4.20,4.2,4.14,97661,-29,-29,10,-0.75,-1.125,-1,TRUE
11047,324.54,9,2,4.1,4.2,0.00 0.00 0.00 4.20,4.2,4.2,97661,-29,-29,10,-0.6875,-1,-1,TRUE
11047,325.55,9,2,4.1,4.2,0.00 0.00 0.00 4.20,4.2,4.2,97661,-29,-29,10,-0.125,-0.9375,-1,TRUE
11047,326.56,9,2,4.1,4.2,0.00 0.00 0.00 4.20,4.2,4.14,97659,-29,-29,10,-0.375,-0.9375,0,TRUE
11047,327.57,9,2,4.09,4.2,0.00 0.00 0.00 4.20,4.2,4.2,97659,-29,-29,10,-0.625,-1,0,TRUE
11047,328.58,9,2,4.1,4.2,0.00 0.00 0.00 4.20,4.2,4.14,97659,-29,-29,10,-0.375,-0.9375,-1,TRUE
11047,329.59,9,2,4.1,4.19,0.00 0.00 0.00 4.20,4.2,4.14,97659,-29,-29,10,-0.125,-0.8125,0,TRUE
11047,330.6,9,2,4.09,4.19,0.00 0.00 0.00 4.20,4.2,4.14,97659,-29,-29,10,-0.5625,-1,0,TRUE
11047,331.61,9,2,4.09,4.2,0.00 0.00 0.00 4.20,4.2,4.14,97659,-29,-29,10,-0.4375,-1.0625,0,TRUE
11047,332.62,9,2,4.1,4.2,0.00 0.00 0.00 4.20,4.2,4.14,97659,-29,-29,10,-0.1875,-1.0625,0,TRUE
11047,333.63,9,2,4.1,4.2,0.00 0.00 0.00 4.20,4.2,4.14,97659,-29,-29,10,-0.625,-1,-1,TRUE
11047,334.64,9,2,4.1,4.2,0.00 0.00 0.00 4.20,4.2,4.2,97659,-29,-29,10,-0.25,-0.9375,0,TRUE
11047,335.65,9,2,4.1,4.2,0.00 0.00 0.00 4.20,4.2,4.2,97659,-29,-29,10,-0.75,-1.0625,0,TRUE
11047,336.66,9,2,4.1,4.19,0.00 0.00 0.00 4.20,4.2,4.2,97657,-29,-29,10,-0.125,-1.1875,-1,TRUE
11047,337.67,9,2,4.1,4.2,0.00 0.00 0.00 4.20,4.2,4.2,97657,-29,-29,10,-0.5625,-1.3125,-1,TRUE
11047,338.68,9,2,4.1,4.2,0.00 0.00 0.00 4.20,4.2,4.14,97657,-29,-29,10,-0.3125,-1.1875,-1,TRUE
11047,339.69,9,2,4.1,4.2,0.00 0.00 0.00 4.20,4.2,4.2,97657,-29,-29,10,-0.6875,-1.1875,-1,TRUE
11047,340.7,9,2,4.1,4.21,0.00 0.00 0.00 4.20,4.2,4.2,97657,-29,-29,10,-0.375,-1.0625,-1,TRUE
11047,341.71,9,2,4.1,4.2,0.00 0.00 0.00 4.20,4.2,4.14,97657,-29,-29,10,-0.5,-1.0625,-2,TRUE
11047,342.72,9,2,4.09,4.19,0.00 0.00 0.00 4.20,4.2,4.2,97657,-29,-29,10,-0.5625,-1,-1,TRUE
11047,343.73,9,2,4.1,4.2,0.00 0.00 0.00 4.20,4.2,4.14,97657,-29,-29,10,-0.0625,-0.75,-1,TRUE
11047,344.74,9,2,4.1,4.2,0.00 0.00 0.00 4.20,4.2,4.2,97657,-29,-29,10,-0.5,-0.8125,-1,TRUE
11047,345.75,9,2,4.1,4.2,0.00 0.00 0.00 4.20,4.2,4.14,97657,-29,-29,10,-0.5,-0.875,-1,TRUE
11047,346.76,9,2,4.1,4.18,0.00 0.00 0.00 4.20,4.2,4.14,97656,-29,-29,10,-0.5625,-0.875,-2,TRUE
11047,347.77,9,2,4.1,4.2,0.00 0.00 0.00 4.20,4.2,4.14,97656,-29,-29,10,-0.8125,-1,-1,TRUE
11047,348.78,9,2,4.1,4.2,0.00 0.00 0.00 4.20,4.2,4.2,97656,-29,-29,10,-0.5,-1.125,-1,TRUE
11047,349.79,9,2,4.1,4.2,0.00 0.00 0.00 4.20,4.2,4.2,97656,-29,-29,10,-0.1875,-1.125,-2,TRUE
11047,350.8,9,2,4.1,4.2,0.00 0.00 0.00 4.20,4.14,4.2,97656,-29,-29,10,-0.625,-0.9375,-1,TRUE
11047,351.81,9,2,4.1,4.2,0.00 0.00 0.00 4.20,4.2,4.2,97656,-29,-29,10,-0.1875,-0.8125,-1,TRUE
11047,352.82,9,2,4.1,4.2,0.00 0.00 0.00 4.20,4.2,4.14,97656,-29,-29,10,-0.1875,-1,-2,TRUE
11047,353.83,9,2,4.1,4.2,0.00 0.00 0.00 4.20,4.2,4.2,97656,-29,-29,10,-0.5625,-1.0625,-1,TRUE
11047,354.84,9,2,4.1,4.2,0.00 0.00 0.00 4.20,4.2,4.2,97656,-29,-29,10,-0.375,-1.125,-2,TRUE
11047,355.85,9,2,4.1,4.2,0.00 0.00 0.00 4.20,4.2,4.2,97656,-29,-29,10,-0.6875,-1,-2,TRUE
11047,356.86,9,2,4.1,4.2,0.00 0.00 0.00 4.20,4.2,4.2,97658,-29,-29,10,-0.125,-1.0625,-1,TRUE
11047,357.87,9,2,4.09,4.19,0.00 0.00 0.00 4.20,4.2,4.14,97658,-29,-29,10,-0.625,-1.125,-1,TRUE
11047,358.88,9,2,4.1,4.2,0.00 0.00 0.00 4.20,4.2,4.14,97658,-29,-29,10,-0.375,-1.1875,-2,TRUE
11047,359.89,9,2,4.1,4.2,0.00 0.00 0.00 4.20,4.2,4.14,97658,-29,-29,10,-0.375,-1.1875,-1,TRUE
11047,360.9,9,2,4.1,4.2,0.00 0.00 0.00 4.20,4.2,4.14,97658,-29,-29,10,-0.1875,-1,-1,TRUE
11047,361.91,9,2,4.1,4.2,0.00 0.00 0.00 4.20,4.2,4.2,97658,-29,-29,10,-0.375,-0.875,-1,TRUE
11047,362.92,9,2,4.1,4.2,0.00 0.00 0.00 4.20,4.2,4.2,97658,-29,-29,10,-1,-1.0625,-2,TRUE
11047,363.93,9,2,4.1,4.2,0.00 0.00 0.00 4.20,4.2,4.14,97658,-29,-29,10,-0.1875,-1,-1,TRUE
11047,364.94,9,2,4.1,4.2,0.00 0.00 0.00 4.20,4.2,4.2,97658,-29,-29,10,-0.6875,-1,-1,TRUE
11047,365.95,9,2,4.1,4.2,0.00 0.00 0.00 4.20,4.2,4.14,97658,-29,-29,10,-0.3125,-1.0625,-1,TRUE
11047,366.96,9,2,4.1,4.2,0.00 0.00 0.00 4.20,4.2,4.14,97657,-29,-29,10,-0.375,-1,-1,TRUE
11047,367.97,9,2,4.09,4.2,0.00 0.00 0.00 4.20,4.14,4.14,97657,-29,-29,10,-0.375,-1.0625,-1,TRUE
11047,368.98,9,2,4.1,4.2,0.00 0.00 0.00 4.20,4.2,4.14,97657,-29,-29,10,-0.375,-1.125,-1,TRUE
11047,369.99,9,2,4.1,4.2,0.00 0.00 0.00 4.20,4.2,4.2,97657,-29,-29,10,-0.5,-1.125,-2,TRUE
11047,371,9,2,4.1,4.2,0.00 0.00 0.00 4.20,4.2,4.2,97657,-29,-29,10,-0.5,-1.0625,-1,TRUE
11047,372.01,9,2,4.1,4.2,0.00 0.00 0.00 4.20,4.2,4.2,97657,-29,-29,10,-0.5625,-1.0625,-1,TRUE
11047,373.02,9,2,4.1,4.19,0.00 0.00 0.00 4.20,4.2,4.2,97657,-29,-29,10,-0.1875,-0.875,-1,TRUE
11047,374.03,9,2,4.1,4.2,0.00 0.00 0.00 4.20,4.2,4.14,97657,-29,-29,10,-0.8125,-1,-2,TRUE
11047,375.04,9,2,4.1,4.2,0.00 0.00 0.00 4.20,4.2,4.2,97657,-29,-29,10,-0.4375,-0.875,-1,TRUE
11047,376.05,9,2,4.1,4.2,0.00 0.00 0.00 4.20,4.2,4.14,97657,-29,-29,10,-0.125,-0.9375,-2,TRUE
11047,377.06,9,2,4.1,4.19,0.00 0.00 0.00 4.20,4.2,4.2,97657,-29,-29,10,-0.5625,-0.8125,-1,TRUE
11047,378.07,9,2,4.1,4.2,0.00 0.00 0.00 4.20,4.2,4.14,97657,-29,-29,10,-0.6875,-0.75,-1,TRUE
11047,379.08,9,2,4.1,4.19,0.00 0.00 0.00 4.20,4.2,4.14,97657,-29,-29,10,-0.5625,-0.875,-2,TRUE
11047,380.09,9,2,4.1,4.2,0.00 0.00 0.00 4.20,4.2,4.14,97657,-29,-29,10,-0.3125,-0.8125,-1,TRUE
11047,381.1,9,2,4.1,4.2,0.00 0.00 0.00 4.20,4.2,4.14,97657,-29,-29,10,-0.75,-1,-1,TRUE
11047,382.11,9,2,4.1,4.19,0.00 0.00 0.00 4.20,4.2,4.2,97657,-29,-29,10,-0.4375,-1.0625,-2,TRUE
11047,383.12,9,2,4.1,4.19,0.00 0.00 0.00 4.20,4.2,4.14,97657,-29,-29,10,0.125,-0.9375,-1,TRUE
11047,384.13,9,2,4.1,4.2,0.00 0.00 0.00 4.20,4.2,4.14,97657,-29,-29,10,-0.25,-0.875,-1,TRUE
11047,385.14,9,2,4.1,4.19,0.00 0.00 0.00 4.20,4.2,4.2,97657,-29,-29,10,-0.5,-0.8125,-1,TRUE
11047,386.15,9,2,4.1,4.2,0.00 0.00 0.00 4.20,4.2,4.2,97657,-29,-29,10,-0.4375,-1,-2,TRUE
11047,387.16,9,2,4.1,4.2,0.00 0.00 0.00 4.20,4.2,4.2,97659,-29,-29,10,-0.5625,-1.0625,-1,TRUE
11047,388.17,9,2,4.09,4.2,0.00 0.00 0.00 4.20,4.14,4.14,97659,-29,-29,10,-0.6875,-1,-1,TRUE
11047,389.18,9,2,4.1,4.2,0.00 0.00 0.00 4.20,4.2,4.2,97659,-29,-29,10,-0.25,-0.9375,-1,TRUE
11047,390.19,9,2,4.09,4.2,0.00 0.00 0.00 4.20,4.2,4.14,97659,-29,-29,10,-0.75,-0.8125,-1,TRUE
11047,391.2,9,2,4.1,4.19,0.00 0.00 0.00 4.20,4.2,4.14,97659,-29,-29,10,-0.375,-0.75,0,TRUE
11047,392.21,9,2,4.1,4.2,0.00 0.00 0.00 4.20,4.2,4.14,97659,-29,-29,10,-0.25,-0.8125,0,TRUE
11047,393.22,9,2,4.1,4.19,0.00 0.00 0.00 4.20,4.2,4.14,97659,-29,-29,10,-0.5625,-0.875,0,TRUE
11047,394.23,9,2,4.1,4.2,0.00 0.00 0.00 4.20,4.2,4.14,97659,-29,-29,10,-0.6875,-0.9375,0,TRUE
11047,395.24,9,2,4.1,4.2,0.00 0.00 0.00 4.20,4.2,4.14,97659,-29,-29,10,-0.1875,-0.875,0,TRUE
11047,396.25,9,2,4.1,4.19,0.00 0.00 0.00 4.20,4.14,4.2,97659,-29,-29,10,-0.5,-0.8125,0,TRUE
11047,397.26,9,2,4.1,4.19,0.00 0.00 0.00 4.20,4.2,4.2,97659,-29,-29,10,-0.4375,-0.75,0,TRUE
11047,398.27,9,2,4.1,4.2,0.00 0.00 0.00 4.20,4.2,4.14,97658,-29,-29,10,-0.5,-1.0625,-1,TRUE
11047,399.28,9,2,4.1,4.2,0.00 0.00 0.00 4.20,4.2,4.2,97658,-29,-29,10,-0.25,-1.1875,-1,TRUE
11047,400.29,9,2,4.1,4.2,0.00 0.00 0.00 4.20,4.2,4.2,97658,-29,-29,10,-0.125,-1.125,-2,TRUE
11047,401.3,9,2,4.1,4.2,0.00 0.00 0.00 4.20,4.2,4.14,97658,-29,-29,10,-0.5,-1.125,-1,TRUE
11047,402.31,9,2,4.1,4.2,0.00 0.00 0.00 4.20,4.14,4.2,97658,-29,-29,10,-0.5,-1.125,-1,TRUE
11047,402.94,9,3,4.1,4.2,0.00 0.00 0.00 4.20,4.2,4.2,97658,-29,-29,10,62.25,27.375,6,TRUE
11047,403.05,9,3,4.09,4.2,0.00 0.00 0.00 4.20,4.2,4.2,97658,-29,-29,10,64.75,34.75,9,TRUE
11047,403.16,9,3,4.09,4.19,0.00 0.00 0.00 4.20,4.2,4.14,97658,-29,-29,10,67.3125,42.3125,14,TRUE
11047,403.27,9,3,4.1,4.19,0.00 0.00 0.00 4.20,4.2,4.2,97658,-29,-29,10,69.75,50.1875,19,TRUE
11047,403.38,9,3,4.09,4.2,0.00 0.00 0.00 4.20,4.2,4.14,97658,-29,-29,10,71.625,58.25,26,TRUE
11047,403.49,9,3,4.1,4.19,0.00 0.00 0.00 4.20,4.14,4.14,97658,-29,-29,10,73.375,66.5625,33,TRUE
11047,403.6,9,3,4.1,4.2,0.00 0.00 0.00 4.20,4.2,4.2,97658,-29,-29,10,73.8125,74.875,41,TRUE
11047,403.71,9,3,4.1,4.2,0.00 0.00 0.00 4.20,4.2,4.2,97658,-29,-29,10,75.5,83.5,50,TRUE
11047,403.93,9,3,4.09,4.2,0.00 0.00 0.00 4.20,4.2,4.2,97658,-29,-29,10,78.0625,101.5625,73,TRUE
11047,404.04,9,3,4.1,4.2,0.00 0.00 0.00 4.20,4.2,4.2,97658,-29,-29,10,79.125,111.375,87,TRUE
11047,404.15,9,3,4.1,4.2,0.00 0.00 0.00 4.20,4.2,4.2,97658,-29,-29,10,80.5,122.5625,106,TRUE
11047,404.26,9,3,4.1,4.2,0.00 0.00 0.00 4.20,4.2,4.14,97658,-29,-29,10,81.5625,133.3125,124,TRUE
11047,404.48,9,3,4.1,4.2,0.00 0.00 0.00 4.20,4.2,4.2,97658,-29,-29,10,81.9375,153.5625,161,TRUE
11047,404.59,9,3,4.09,4.2,0.00 0.00 0.00 4.20,4.2,4.14,97658,-29,-29,10,82.5625,163.1875,180,TRUE
11047,404.7,9,3,4.1,4.2,0.00 0.00 0.00 4.20,4.2,4.2,97658,-29,-29,10,82.4375,172.75,200,TRUE
11047,404.81,9,3,4.1,4.2,0.00 0.00 0.00 4.20,4.2,4.14,97658,-29,-29,10,83.0625,182.75,221,TRUE
11047,404.92,9,3,4.1,4.2,0.00 0.00 0.00 4.20,4.2,4.2,97658,-29,-29,10,83.0625,192.9375,244,TRUE
11047,405.03,9,3,4.1,4.2,0.00 0.00 0.00 4.20,4.2,4.2,97658,-29,-29,10,83.375,203.125,269,TRUE
11047,405.14,9,3,4.1,4.2,0.00 0.00 0.00 4.20,4.2,4.2,97658,-29,-29,10,83.3125,212.75,293,TRUE
11047,405.25,9,3,4.1,4.2,0.00 0.00 0.00 4.20,4.2,4.2,97658,-29,-29,10,82.875,221.75,316,TRUE
11047,405.36,9,3,4.1,4.2,0.00 0.00 0.00 4.20,4.2,4.2,97658,-29,-29,10,82.8125,230.6875,341,TRUE
11047,405.47,9,3,4.1,4.2,0.00 0.00 0.00 4.20,4.14,4.2,97658,-29,-29,10,82.125,239.8125,367,TRUE
11047,405.58,9,3,4.1,4.2,0.00 0.00 0.00 4.20,4.2,4.2,97658,-29,-29,10,81.5625,248.75,394,TRUE
11047,405.69,9,3,4.1,4.2,0.00 0.00 0.00 4.20,4.2,4.2,97658,-29,-29,10,80.5,257.375,421,TRUE
11047,405.8,9,3,4.1,4.21,0.00 0.00 0.00 4.20,4.2,4.14,97658,-29,-29,10,79.125,265.6875,449,TRUE
11047,405.91,9,3,4.1,4.2,0.00 0.00 0.00 4.20,4.2,4.2,97658,-29,-29,10,77.75,273.8125,478,TRUE
11047,406.02,9,3,4.1,4.2,0.00 0.00 0.00 4.20,4.2,4.2,97658,-29,-29,10,76.375,281.6875,507,TRUE
11047,406.13,9,3,4.1,4.2,0.00 0.00 0.00 4.20,4.2,4.2,97658,-29,-29,10,74.6875,289.25,537,TRUE
11047,406.24,9,3,4.1,4.2,0.00 0.00 0.00 4.20,4.2,4.2,97658,-29,-29,10,72.875,296.625,568,TRUE
11047,406.35,9,3,4.1,4.2,0.00 0.00 0.00 4.20,4.2,4.2,97658,-29,-29,10,70.8125,303.875,600,TRUE
11047,406.46,9,3,4.1,4.19,0.00 0.00 0.00 4.20,4.2,4.2,97658,-29,-29,10,69.6875,311.125,633,TRUE
11047,406.57,9,3,4.1,4.2,0.00 0.00 0.00 4.20,4.14,4.2,97658,-29,-29,10,68.25,318.25,666,TRUE
11047,406.68,9,3,4.1,4.2,0.00 0.00 0.00 4.20,4.2,4.2,97658,-29,-29,10,66.75,325.1875,701,TRUE
11047,406.79,9,3,4.09,4.2,0.00 0.00 0.00 4.20,4.2,4.14,97658,-29,-29,10,65.125,331.9375,736,TRUE
11047,406.9,9,3,4.1,4.21,0.00 0.00 0.00 4.20,4.2,4.2,97658,-29,-29,10,63,338.3125,772,TRUE
11047,407.01,9,3,4.1,4.19,0.00 0.00 0.00 4.20,4.2,4.2,97658,-29,-29,10,61.125,344.375,808,TRUE
11047,407.12,9,3,4.1,4.2,0.00 0.00 0.00 4.20,4.2,4.14,97658,-29,-29,10,58.1875,349.8125,844,TRUE
11047,407.23,9,3,4.1,4.2,0.00 0.00 0.00 4.20,4.2,4.14,97658,-29,-29,10,55.25,356.4375,884,TRUE
11047,407.34,9,3,4.1,4.2,0.00 0.00 0.00 4.20,4.2,4.2,97658,-29,-29,10,49.75,362.375,925,TRUE
11047,407.45,9,3,4.1,4.19,0.00 0.00 0.00 4.20,4.2,4.14,97658,-29,-29,10,33.125,365.6875,966,TRUE
11047,407.56,9,3,4.1,4.2,0.00 0.00 0.00 4.20,4.2,4.2,97658,-29,-29,10,11.1875,366.25,1006,TRUE
11047,407.67,9,4,4.1,4.2,0.00 0.00 0.00 4.20,4.2,4.2,97658,-29,-29,10,-3.875,365.3125,1047,TRUE
11047,407.78,9,4,4.1,4.2,0.00 0.00 0.00 4.20,4.2,4.14,97658,-29,-29,10,-15.4375,363.0625,1086,TRUE
11047,407.89,9,4,4.09,4.2,0.00 0.00 0.00 4.20,4.2,4.14,97658,-29,-29,10,-24.25,359.875,1126,TRUE
11047,408,9,4,4.1,4.2,0.00 0.00 0.00 4.20,4.2,4.2,97658,-29,-29,10,-27.9375,356.4375,1165,TRUE
11047,408.11,9,4,4.1,4.2,0.00 0.00 0.00 4.20,4.2,4.14,97658,-29,-29,10,-28.75,353.125,1203,TRUE
11047,408.22,9,4,4.1,4.2,0.00 0.00 0.00 4.20,4.14,4.2,97658,-29,-29,10,-28.9375,349.875,1242,TRUE
11047,408.33,9,4,4.1,4.2,0.00 0.00 0.00 4.20,4.2,4.14,97658,-29,-29,10,-27.6875,345.4375,1277,TRUE
11047,408.44,9,4,4.1,4.2,0.00 0.00 0.00 4.20,4.2,4.2,97658,-29,-29,10,-25.5625,340.875,1310,TRUE
11047,408.55,9,4,4.1,4.19,0.00 0.00 0.00 4.20,4.2,4.2,97658,-29,-29,10,-24.1875,336.625,1343,TRUE
11047,408.66,9,4,4.1,4.2,0.00 0.00 0.00 4.20,4.2,4.14,97658,-29,-29,10,-23,332.5,1376,TRUE
11047,408.77,9,4,4.1,4.2,0.00 0.00 0.00 4.20,4.2,4.14,97658,-29,-29,10,-22.75,328.3125,1408,TRUE
11047,408.88,9,4,4.1,4.2,0.00 0.00 0.00 4.20,4.2,4.2,97658,-29,-29,10,-20.6875,324.3125,1440,TRUE
11047,408.99,9,4,4.1,4.19,0.00 0.00 0.00 4.20,4.2,4.2,97658,-29,-29,10,-12.625,322.0625,1471,TRUE
11047,409.1,9,4,4.1,4.2,0.00 0.00 0.00 4.20,4.2,4.14,97658,-29,-29,10,-18.4375,317.6875,1501,TRUE
11047,409.21,9,4,4.1,4.19,0.00 0.00 0.00 4.20,4.14,4.2,97658,-29,-29,10,-20.625,313.125,1530,TRUE
11047,409.32,9,4,4.1,4.2,0.00 0.00 0.00 4.20,4.2,4.2,97658,-29,-29,10,-21.4375,308.4375,1559,TRUE
11047,409.43,9,4,4.1,4.2,0.00 0.00 0.00 4.20,4.2,4.2,97658,-29,-29,10,-21.4375,303.75,1587,TRUE
11047,409.54,9,4,4.1,4.19,0.00 0.00 0.00 0.00,4.2,4.2,97658,-29,-29,10,-21.9375,299,1614,TRUE
11047,409.65,9,4,4.1,4.2,0.00 0.00 0.00 0.06,4.2,4.14,97658,-29,-29,10,-21.375,294.3125,1641,TRUE
11047,409.76,9,4,4.1,4.2,0.00 0.00 0.00 0.00,4.2,4.2,97658,-29,-29,10,-20.625,289.5625,1667,TRUE
11047,409.87,9,4,4.09,4.2,0.00 0.00 0.00 0.00,4.2,4.2,97658,-29,-29,10,-20.75,284.75,1692,TRUE
11047,409.98,9,4,4.1,4.2,0.00 0.00 0.00 0.00,4.2,4.2,97658,-29,-29,10,-20.75,279.875,1717,TRUE
11047,410.09,9,4,4.09,4.19,0.00 0.00 0.00 0.00,4.2,4.14,97658,-29,-29,10,-20.375,275,1741,TRUE
11047,410.2,9,4,4.09,4.2,0.00 0.00 0.00 0.00,4.2,4.14,97658,-29,-29,10,-20.25,270.125,1764,TRUE
11047,410.31,9,4,4.09,4.2,0.00 0.00 0.00 0.00,4.2,4.2,97658,-29,-29,10,-19.9375,265.25,1787,TRUE
11047,410.53,9,4,4.09,4.19,0.00 0.00 0.00 0.00,4.2,4.2,97658,-29,-29,10,-19.75,255.75,1832,TRUE
11047,410.64,9,4,4.09,4.19,0.00 0.00 0.00 0.00,4.2,4.14,97658,-29,-29,10,-20,251.0625,1854,TRUE
11047,410.75,9,5,4.09,4.21,0.00 0.00 0.00 0.00,4.2,4.2,97658,-29,-29,10,-19.5625,246.625,1875,TRUE
11047,410.86,9,5,4.09,4.19,0.00 0.00 0.00 0.00,4.2,4.2,97658,-29,-29,10,-19.125,242.375,1897,TRUE
11047,410.97,9,5,4.1,4.2,0.00 0.00 0.00 0.00,4.2,4.2,97658,-29,-29,10,-19.5,238.1875,1918,TRUE
11047,411.08,9,5,4.09,4.2,0.00 0.00 0.00 0.00,4.2,4.14,97658,-29,-29,10,-18.8125,234.3125,1940,TRUE
11047,411.19,9,5,4.1,4.2,0.00 0.00 0.00 0.00,4.2,4.14,97658,-29,-29,10,-18.875,230.5,1961,TRUE
11047,411.3,9,5,4.1,4.2,0.00 0.00 0.00 0.00,4.2,4.2,97658,-29,-29,10,-18.5625,226.9375,1983,TRUE
11047,411.41,9,5,4.1,4.2,0.00 0.00 0.00 0.00,4.2,4.14,97658,-29,-29,10,-18.4375,223.5,2004,TRUE
11047,411.52,9,5,4.1,4.2,0.00 0.00 0.00 0.00,4.2,4.2,97658,-29,-29,10,-18.25,220.25,2025,TRUE
11047,411.63,9,5,4.1,4.19,0.00 0.00 0.00 0.00,4.2,4.14,97658,-29,-29,10,-18.4375,217.125,2046,TRUE
11047,411.74,9,5,4.1,4.2,0.00 0.00 0.00 0.00,4.2,4.14,97658,-29,-29,10,-18.0625,214.1875,2068,TRUE
11047,411.85,9,5,4.1,4.2,0.00 0.00 0.00 0.00,4.2,4.2,97658,-29,-29,10,-18.0625,211.3125,2089,TRUE
11047,411.96,9,5,4.1,4.21,0.00 0.00 0.00 0.00,4.2,4.14,97658,-29,-29,10,-17.5625,208.625,2110,TRUE
11047,412.07,9,5,4.1,4.2,0.00 0.00 0.00 0.00,4.2,4.14,97658,-29,-29,10,-17.6875,206.0625,2132,TRUE
11047,412.18,9,5,4.09,4.2,0.00 0.00 0.00 0.00,4.2,4.2,97658,-29,-29,10,-17.4375,203.625,2153,TRUE
11047,412.4,9,5,4.1,4.21,0.00 0.00 0.00 0.00,4.2,4.14,97658,-29,-29,10,-17.6875,198.875,2195,TRUE
11047,412.51,9,5,4.09,4.2,0.00 0.00 0.00 0.00,4.2,4.14,97658,-29,-29,10,-17.375,196.6875,2216,TRUE
11047,412.62,9,5,4.09,4.21,0.00 0.00 0.00 0.00,4.2,4.2,97658,-29,-29,10,-17.1875,194.625,2237,TRUE
11047,412.84,9,5,4.09,4.19,0.00 0.00 0.00 0.00,4.2,4.2,97658,-29,-29,10,-17.125,190.75,2279,TRUE
11047,412.95,9,5,4.1,4.2,0.00 0.00 0.00 0.00,4.14,4.14,97658,-29,-29,10,-16.0625,189.0625,2300,TRUE
11047,413.06,9,5,4.1,4.2,0.00 0.00 0.00 0.00,4.2,4.2,97658,-29,-29,10,-16.5625,187.25,2321,TRUE
11047,413.17,9,5,4.1,4.2,0.00 0.00 0.00 0.00,4.2,4.2,97658,-29,-29,10,-16.5,185.5625,2342,TRUE
11047,413.39,9,5,4.1,4.2,0.00 0.00 0.00 0.00,4.2,4.2,97658,-29,-29,10,-16.1875,182.375,2383,TRUE
11047,413.5,9,5,4.1,4.2,0.00 0.00 0.00 0.00,4.2,4.14,97658,-29,-29,10,-16.25,180.875,2404,TRUE
11047,413.61,9,5,4.09,4.2,0.00 0.00 0.00 0.00,4.2,4.2,97658,-29,-29,10,-16.5,179.375,2424,TRUE
11047,413.94,9,5,4.09,4.2,0.00 0.00 0.00 0.00,4.2,4.2,97658,-29,-29,10,-15.875,175.1875,2485,TRUE
11047,414.05,9,5,4.1,4.2,0.00 0.00 0.00 0.00,4.2,4.14,97658,-29,-29,10,-15.75,173.8125,2506,TRUE
11047,414.16,9,5,4.1,4.2,0.00 0.00 0.00 0.00,4.2,4.2,97658,-29,-29,10,-16.1875,172.5,2526,TRUE
11047,414.49,9,5,4.09,4.19,0.00 0.00 0.00 0.00,4.2,4.2,97658,-29,-29,10,-15.5,168.75,2585,TRUE
11047,414.6,9,5,4.1,4.2,0.00 0.00 0.00 0.00,4.2,4.14,97658,-29,-29,10,-15.4375,167.5,2605,TRUE
11047,414.71,9,5,4.09,4.2,0.00 0.00 0.00 0.00,4.2,4.2,97658,-29,-29,10,-14.9375,166.375,2625,TRUE
11047,415.04,9,5,4.1,4.2,0.00 0.00 0.00 0.00,4.2,4.14,97658,-29,-29,10,-15.1875,162.9375,2683,TRUE
11047,415.15,9,5,4.1,4.2,0.00 0.00 0.00 0.00,4.2,4.14,97658,-29,-29,10,-14.625,161.8125,2702,TRUE
11047,415.26,9,5,4.1,4.2,0.00 0.00 0.00 0.00,4.2,4.14,97658,-29,-29,10,-14.5625,160.75,2721,TRUE
11047,415.59,9,5,4.09,4.2,0.00 0.00 0.00 0.00,4.2,4.14,97658,-29,-29,10,-15,157.3125,2777,TRUE
11047,415.7,9,5,4.09,4.2,0.00 0.00 0.00 0.00,4.2,4.14,97658,-29,-29,10,-14.8125,156.1875,2796,TRUE
11047,415.81,9,5,4.09,4.2,0.00 0.00 0.00 0.00,4.2,4.14,97658,-29,-29,10,-15.125,155,2814,TRUE
11047,416.25,9,5,4.1,4.2,0.00 0.00 0.00 0.00,4.2,4.2,97658,-29,-29,10,-14.5625,150.4375,2886,TRUE
11047,416.36,9,5,4.1,4.2,0.00 0.00 0.00 0.00,4.2,4.14,97658,-29,-29,10,-14.3125,149.3125,2903,TRUE
11047,416.47,9,5,4.09,4.2,0.00 0.00 0.00 0.00,4.2,4.2,97658,-29,-29,10,-14.5625,148.125,2921,TRUE
11047,416.8,9,5,4.09,4.2,0.00 0.00 0.00 0.00,4.2,4.2,97658,-29,-29,10,-14.1875,144.6875,2972,TRUE
11047,416.91,9,5,4.1,4.2,0.00 0.00 0.00 0.00,4.2,4.14,97658,-29,-29,10,-14.125,143.5625,2989,TRUE
11047,417.02,9,5,4.1,4.2,0.00 0.00 0.00 0.00,4.2,4.14,97658,-29,-29,10,-13.75,142.5,3006,TRUE
11047,417.46,9,5,4.09,4.2,0.00 0.00 0.00 0.00,4.2,4.2,97658,-29,-29,10,-13.625,138.0625,3071,TRUE
11047,417.57,9,5,4.1,4.2,0.00 0.00 0.00 0.00,4.2,4.14,97658,-29,-29,10,-13.6875,136.875,3087,TRUE
11047,417.68,9,5,4.1,4.19,0.00 0.00 0.00 0.00,4.2,4.2,97658,-29,-29,10,-13.75,135.75,3103,TRUE
11047,418.23,9,5,4.09,4.2,0.00 0.00 0.00 0.00,4.2,4.14,97658,-29,-29,10,-13.4375,130.0625,3180,TRUE
11047,418.34,9,5,4.09,4.19,0.00 0.00 0.00 0.00,4.2,4.2,97658,-29,-29,10,-13.5,128.8125,3195,TRUE
11047,418.89,9,5,4.1,4.21,0.00 0.00 0.00 0.00,4.2,4.14,97658,-29,-29,10,-13.1875,123,3268,TRUE
11047,419,9,5,4.1,4.2,0.00 0.00 0.00 0.00,4.2,4.2,97658,-29,-29,10,-13.375,121.8125,3282,TRUE
11047,419.11,9,5,4.1,4.2,0.00 0.00 0.00 0.00,4.2,4.2,97658,-29,-29,10,-13.5,120.5,3296,TRUE
11047,419.66,9,5,4.1,4.2,0.00 0.00 0.00 0.00,4.2,4.2,97658,-29,-29,10,-13,114.6875,3363,TRUE
11047,419.77,9,5,4.1,4.19,0.00 0.00 0.00 0.00,4.2,4.14,97658,-29,-29,10,-13.3125,113.4375,3376,TRUE
11047,419.88,9,5,4.1,4.19,0.00 0.00 0.00 0.00,4.2,4.14,97658,-29,-29,10,-12.8125,112.25,3389,TRUE
11047,420.54,9,5,4.1,4.2,0.00 0.00 0.00 0.00,4.2,4.2,97658,-29,-29,10,-12.5,105.1875,3464,TRUE
11047,421.09,9,5,4.1,4.2,0.00 0.00 0.00 0.00,4.2,4.2,97658,-29,-29,10,-12.8125,99.25,3523,TRUE
11047,421.42,9,5,4.1,4.19,0.00 0.00 0.00 0.00,4.2,4.2,97658,-29,-29,10,-12.5,95.75,3557,TRUE
11047,421.86,9,5,4.1,4.2,0.00 0.00 0.00 0.00,4.2,4.2,97658,-29,-29,10,-12.25,91.25,3600,TRUE
11047,421.97,9,5,4.1,4.2,0.00 0.00 0.00 0.00,4.2,4.14,97658,-29,-29,10,-12.1875,90.0625,3610,TRUE
11047,422.41,9,5,4.1,4.19,0.00 0.00 0.00 0.00,4.2,4.14,97658,-29,-29,10,-12.25,85.4375,3651,TRUE
11047,422.74,9,5,4.1,4.2,0.00 0.00 0.00 0.00,4.2,4.2,97658,-29,-29,10,-11.9375,82,3680,TRUE
11047,422.85,9,5,4.1,4.19,0.00 0.00 0.00 0.00,4.2,4.2,97658,-29,-29,10,-12.125,80.875,3689,TRUE
11047,422.96,9,5,4.1,4.21,0.00 0.00 0.00 0.00,4.2,4.14,97658,-29,-29,10,-12.1875,79.6875,3698,TRUE
11047,423.84,9,5,4.1,4.2,0.00 0.00 0.00 0.00,4.2,4.14,97658,-29,-29,10,-12,70.6875,3768,TRUE
11047,423.95,9,5,4.1,4.2,0.00 0.00 0.00 0.00,4.2,4.2,97658,-29,-29,10,-12.1875,69.5,3776,TRUE
11047,424.94,9,5,4.1,4.2,0.00 0.00 0.00 0.00,4.2,4.14,97658,-29,-29,10,-11.6875,59.4375,3844,TRUE
11047,425.05,9,5,4.09,4.2,0.00 0.00 0.00 0.00,4.2,4.2,97658,-29,-29,10,-11.8125,58.3125,3851,TRUE
11047,425.16,9,5,4.1,4.2,0.00 0.00 0.00 0.00,4.2,4.2,97658,-29,-29,10,-11.5625,57.25,3857,TRUE
11047,426.04,9,5,4.09,4.19,0.00 0.00 0.00 0.00,4.2,4.2,97658,-29,-29,10,-11.6875,48.4375,3907,TRUE
11047,426.15,9,5,4.09,4.19,0.00 0.00 0.00 0.00,4.2,4.14,97658,-29,-29,10,-11.6875,47.3125,3913,TRUE
11047,426.26,9,5,4.1,4.2,0.00 0.00 0.00 0.00,4.2,4.2,97658,-29,-29,10,-11.375,46.25,3918,TRUE
11047,426.37,9,5,4.1,4.2,0.00 0.00 0.00 0.00,4.2,4.2,97658,-29,-29,10,-11.5,45.1875,3924,TRUE
11047,426.48,9,5,4.1,4.19,0.00 0.00 0.00 0.00,4.2,4.2,97658,-29,-29,10,-11.8125,44.0625,3929,TRUE
11047,427.25,9,5,4.1,4.19,0.00 0.00 0.00 0.00,4.2,4.2,97658,-29,-29,10,-11.25,36.4375,3963,TRUE
11047,427.36,9,5,4.1,4.2,0.00 0.00 0.00 0.00,4.14,4.2,97658,-29,-29,10,-11.1875,35.375,3968,TRUE
11047,427.47,9,5,4.09,4.2,0.00 0.00 0.00 0.00,4.2,4.14,97658,-29,-29,10,-11.625,34.25,3972,TRUE
11047,427.58,9,5,4.1,4.2,0.00 0.00 0.00 0.00,4.2,4.14,97658,-29,-29,10,-11.8125,33.125,3976,TRUE
11047,427.69,9,5,4.09,4.19,0.00 0.00 0.00 0.00,4.2,4.14,97658,-29,-29,10,-11.75,32.0625,3980,TRUE
11047,428.57,9,5,4.09,4.19,0.00 0.00 0.00 0.00,4.2,4.2,97658,-29,-29,10,-11.25,23.375,4008,TRUE
11047,428.68,9,5,4.1,4.2,0.00 0.00 0.00 0.00,4.2,4.14,97658,-29,-29,10,-11.4375,22.3125,4011,TRUE
11047,428.79,9,5,4.1,4.19,0.00 0.00 0.00 0.00,4.2,4.2,97658,-29,-29,10,-11.375,21.25,4014,TRUE
11047,428.9,9,5,4.09,4.2,0.00 0.00 0.00 0.00,4.2,4.14,97658,-29,-29,10,-11.4375,20.1875,4017,TRUE
11047,429.01,9,5,4.1,4.2,0.00 0.00 0.00 0.00,4.2,4.14,97658,-29,-29,10,-11.5625,19.125,4019,TRUE
11047,429.12,9,5,4.1,4.2,0.00 0.00 0.00 0.00,4.2,4.2,97658,-29,-29,10,-11.5,18.0625,4022,TRUE
11047,430.33,9,5,4.1,4.19,0.00 0.00 0.00 0.00,4.2,4.14,97658,-29,-29,10,-11.125,6.4375,4041,TRUE
11047,430.44,9,5,4.1,4.2,0.00 0.00 0.00 0.00,4.2,4.14,97658,-29,-29,10,-11.4375,5.3125,4043,TRUE
11047,430.55,9,5,4.09,4.2,0.00 0.00 0.00 0.00,4.2,4.2,97658,-29,-29,10,-11.125,4.3125,4044,TRUE
11047,430.66,9,5,4.1,4.2,0.00 0.00 0.00 0.00,4.2,4.14,97658,-29,-29,10,-11.125,3.3125,4044,TRUE
11047,438.57,9,6,4.1,4.2,0.00 0.00 0.00 0.00,3.65,4.2,97658,-29,-29,10,-3.25,-31,3925,TRUE
11047,461.8,9,6,4.1,4.2,0.00 0.00 0.00 0.00,3.41,4.2,97658,-29,-29,10,0.5625,-29.125,3159,TRUE
11047,470.89,9,6,4.09,4.2,0.00 0.00 0.00 0.00,3.35,4.2,97658,-29,-29,10,-16.5,-56.125,2802,TRUE
11047,471.9,9,6,4.09,4.2,0.00 0.00 0.00 0.00,3.29,4.14,97658,-29,-29,10,19.3125,-15.75,2781,TRUE
11047,472.91,9,6,4.09,4.19,0.00 0.00 0.00 0.00,3.29,4.2,97658,-29,-29,10,-1.125,-29.375,2748,TRUE
11047,475.94,9,6,4.1,4.2,0.00 0.00 0.00 0.00,3.29,4.14,97658,-29,-29,10,0.875,-35,2640,TRUE
11047,478.97,9,6,4.1,4.2,0.00 0.00 0.00 0.00,3.29,4.14,97658,-29,-29,10,-5.6875,-35.125,2539,TRUE