0.00	3	100.5F	9.1
0.05	5	100.4F	9.1
0.10	5	100.5F	9.1
0.15	9	100.5F	9.1
0.20	10	100.5F	9.1
0.25	13	100.5F	9.1
0.30	16	100.4F	9.1
0.35	17	100.5F	9.1
0.40	23	100.5F	9.1
0.45	27	100.5F	9.1
0.50	31	100.5F	9.1
0.55	38	100.5F	9.1
0.60	41	100.4F	9.1
0.65	47	100.5F	9.1
0.70	52	100.5F	9.1
0.75	59	100.5F	9.1
0.80	68	100.5F	9.1
0.85	71	100.5F	9.1
0.90	80	100.4F	9.1
0.95	85	100.5F	9.1
1.00	93	100.5F	9.1
1.05	100	100.5F	9.1
1.10	107	100.5F	9.1
1.15	115	100.5F	9.1
1.20	124	100.5F	9.1
1.25	134	100.4F	9.1
1.30	142	100.5F	9.1
1.35	154	100.5F	9.1
1.40	161	100.5F	9.1
1.45	172	100.5F	9.1
1.50	184	100.5F	9.1
1.55	194	100.5F	9.1
1.60	206	100.4F	9.1
1.65	215	100.5F	9.1
1.70	229	100.4F	9.1
1.75	246	100.5F	9.1
1.80	255	100.5F	9.1
1.85	268	100.5F	9.1
1.90	281	100.5F	9.1
1.95	297	100.5F	9.1
2.00	303	100.5F	9.1
2.05	317	100.4F	9.1
2.10	330	100.4F	9.1
2.15	341	100.4F	9.1
2.20	355	100.5F	9.1
2.25	372	100.4F	9.1
2.30	387	100.4F	9.1
2.35	399	100.4F	9.1
2.40	413	100.5F	9.1
2.45	430	100.4F	9.1
2.50	440	100.4F	9.1
2.55	456	100.4F	9.1
2.60	471	100.5F	9.1
2.65	484	100.5F	9.1
2.70	498	100.5F	9.1
2.75	516	100.4F	9.1
2.80	529	100.5F	9.1
2.85	546	100.5F	9.1
2.90	558	100.4F	9.1
2.95	576	100.5F	9.1
3.00	596	100.4F	9.1
3.05	610	100.5F	9.1
3.10	626	100.4F	9.1
3.15	640	100.4F	9.1
3.20	655	100.4F	9.1
3.25	666	100.4F	9.1
3.30	677	100.4F	9.1
3.35	32	101.0F	9.1
3.40	693	101.4F	9.1
3.45	699	101.7F	9.1
3.50	692	101.9F	9.1
3.55	683	102.1F	9.1
3.60	692	102.3F	9.1
3.65	689	102.5F	9.1
3.70	708	102.7F	9.1
3.75	710	102.8F	9.1
3.80	726	102.9F	9.1
3.85	749	103.0F	9.1
3.90	737	103.0F	9.1
3.95	748	103.1F	9.1
4.00	765	103.1F	9.1
4.05	775	103.1F	9.1
4.10	791	103.1F	9.1
4.15	820	103.1F	9.1
4.20	822	103.1F	9.1
4.25	826	103.1F	9.1
4.30	836	103.1F	9.1
4.35	841	103.0F	9.1
4.40	854	103.0F	9.1
4.45	872	103.0F	9.1
4.50	893	103.0F	9.1
4.55	895	102.9F	9.1
4.60	888	102.9F	9.1
4.65	910	102.9F	9.1
4.70	925	102.8F	9.1
4.75	933	102.8F	9.1
4.80	948	102.7F	9.1
4.85	958	102.7F	9.1
4.90	965	102.7F	9.1
4.95	969	102.6F	9.1
5.00	989	102.6F	9.1
5.05	991	102.6F	9.1
5.10	1014	102.5F	9.1
5.15	1006	102.5F	9.1
5.20	1018	102.5F	9.1
5.25	1030	102.4F	9.1
5.30	1044	102.4F	9.1
5.35	1048	102.4F	9.1
5.40	1059	102.3F	9.1
5.45	1067	102.3F	9.1
5.50	1077	102.3F	9.1
5.55	1092	102.2F	9.1
5.60	1099	102.3F	9.1
5.65	1109	102.2F	9.1
5.70	1111	102.2F	9.1
5.75	1112	102.2F	9.1
5.80	1121	102.1F	9.1
5.85	1135	102.1F	9.1
5.90	1142	102.1F	9.1
5.95	1148	102.1F	9.1
6.00	1153	102.0F	9.1
6.05	1169	102.0F	9.1
6.10	1180	102.0F	9.1
6.15	1175	102.0F	9.1
6.20	1186	102.0F	9.1
6.25	1194	102.0F	9.1
6.30	1198	101.9F	9.1
6.35	1206	101.9F	9.1
6.40	1213	101.9F	9.1
6.45	1220	101.9F	9.1
6.50	1221	101.9F	9.1
6.55	1229	101.9F	9.1
6.60	1233	101.8F	9.1
6.65	1244	101.8F	9.1
6.70	1240	101.8F	9.1
6.75	1252	101.8F	9.1
6.80	1252	101.8F	9.1
6.85	1264	101.8F	9.1
6.90	1268	101.8F	9.1
6.95	1276	101.8F	9.1
7.00	1281	101.8F	9.1
7.05	1288	101.8F	9.1
7.10	1294	101.7F	9.1
7.15	1297	101.7F	9.1
7.20	1297	101.7F	9.1
7.25	1306	101.7F	9.1
7.30	1310	101.7F	9.1
7.35	1320	101.7F	9.1
7.40	1319	101.7F	9.1
7.45	1326	101.7F	9.1
7.50	1330	101.7F	9.1
7.55	1332	101.7F	9.1
7.60	1338	101.7F	9.1
7.65	1340	101.7F	9.1
7.70	1347	101.6F	9.1
7.75	1354	101.6F	9.1
7.80	1355	101.6F	9.1
7.85	1361	101.6F	9.1
7.90	1361	101.6F	9.1
7.95	1367	101.6F	9.1
8.00	1370	101.6F	9.1
8.05	1372	101.6F	9.1
8.10	1376	101.6F	9.1
8.15	1381	101.6F	9.1
8.20	1384	101.6F	9.1
8.25	1388	101.6F	9.1
8.30	1390	101.6F	9.1
8.35	1393	101.6F	9.1
8.40	1394	101.6F	9.1
8.45	1398	101.6F	9.1
8.50	1400	101.6F	9.1
8.55	1403	101.6F	9.1
8.60	1402	101.6F	9.1
8.65	1407	101.5F	9.1
8.70	1408	101.5F	9.1
8.75	1414	101.5F	9.1
8.80	1413	101.5F	9.1
8.85	1416	101.5F	9.1
8.90	1419	101.5F	9.1
8.95	1420	101.5F	9.1
9.00	1424	101.5F	9.1
9.05	1426	101.5F	9.1
9.10	1426	101.5F	9.1
9.15	1426	101.5F	9.1
9.20	1429	101.5F	9.1
9.25	1432	101.5F	9.1
9.30	1429	101.5F	9.1
9.35	1434	101.5F	9.1
9.40	1435	101.5F	9.1
9.45	1435	101.5F	9.1
9.50	1436	101.5F	9.1
9.55	1436	101.5F	9.1
9.60	1437	101.5F	9.1
9.65	1438	101.5F	9.1
9.70	1441	101.5F	9.1
9.75	1442	101.5F	9.1
9.80	1443	101.5F	9.1
9.85	1441	101.5F	9.1
9.90	1445	101.4F	9.1
9.95	1442	101.5F	9.1
10.00	1443	101.4F	9.1
10.05	1443	101.4F	9.1
10.10	1441	101.4F	9.1
10.15	1443	101.4F	9.1
10.20	1445	101.4F	9.1
10.25	1445	101.4F	9.1
10.30	1444	101.4F	9.1
10.35	1443	101.4F	9.1
10.40	1442	101.4F	9.1
10.45	1441	101.4F	9.1
10.50	1441	101.4F	9.1
10.55	1441	101.4F	9.1
10.60	1440	101.4F	9.1
10.65	1438	101.4F	9.1
10.70	1440	101.4F	9.1
10.75	1440	101.4F	9.1
10.80	1438	101.4F	9.1
10.85	1438	101.4F	9.1
10.90	1436	101.4F	9.1
10.95	1435	101.4F	9.1
11.00	1431	101.4F	9.1
11.05	1433	101.4F	9.1
11.10	1430	101.4F	9.1
11.15	1428	101.4F	9.1
11.20	1426	101.4F	9.1
11.25	1425	101.4F	9.1
11.30	1423	101.4F	9.1
11.35	1422	101.4F	9.1
11.40	1419	101.4F	9.1
11.45	1417	101.4F	9.1
11.50	1416	101.4F	9.1
11.55	1415	101.4F	9.1
11.60	1413	101.4F	9.1
11.65	1411	101.4F	9.1
11.70	1408	101.4F	9.1
11.75	1404	101.4F	9.1
11.80	1402	101.4F	9.1
11.85	1401	101.4F	9.1
11.90	1400	101.4F	9.1
11.95	1397	101.4F	9.1
12.00	1393	101.4F	9.1
12.05	1183	101.4F	8.9
12.10	1383	101.4F	8.8
12.15	1382	101.4F	9.0
12.20	1396	101.4F	9.1
12.25	1433	101.4F	9.1
12.30	1400	101.4F	9.1
12.35	1407	101.4F	9.1
12.40	1403	101.4F	9.1
12.45	1414	101.4F	9.1
12.50	1405	101.4F	9.1
12.55	1385	101.4F	9.1
12.60	1369	101.4F	9.1
12.65	1367	101.4F	9.1
12.70	1366	101.4F	9.1
12.75	1364	101.4F	9.1
12.80	1366	101.4F	9.1
12.85	1374	101.4F	9.1
12.90	1379	101.4F	9.1
12.95	1366	101.4F	9.1
13.00	1359	101.4F	9.1
13.05	1364	101.4F	9.1
13.10	1340	101.4F	9.1
13.15	1356	101.4F	9.1
13.20	1339	101.4F	9.1
13.25	1335	101.4F	9.1
13.30	1322	101.4F	9.1
13.35	1318	101.4F	9.1
13.40	1321	101.4F	9.1
13.45	1321	101.4F	9.1
13.50	1329	101.4F	9.1
13.55	1318	101.4F	9.1
13.60	1313	101.4F	9.1
13.65	1311	101.4F	9.1
13.70	1328	101.4F	9.1
13.75	1310	101.4F	9.1
13.80	1331	101.4F	9.1
13.85	1318	101.4F	9.1
13.90	1306	101.4F	9.1
13.95	1294	101.3F	9.1
14.00	1316	101.4F	9.1
14.05	1303	101.4F	9.1
14.10	1294	101.3F	9.1
14.15	1286	101.3F	9.1
14.20	1283	101.3F	9.1
14.25	1279	101.3F	9.1
14.30	1278	101.3F	9.1
14.35	1281	101.3F	9.1
14.40	1279	101.3F	9.1
14.45	1277	101.3F	9.1
14.50	1277	101.3F	9.1
14.55	1275	101.3F	9.1
14.60	1274	101.3F	9.1
14.65	1271	101.3F	9.1
14.70	1273	101.3F	9.1
14.75	1274	101.3F	9.1
14.80	1274	101.3F	9.1
14.85	1268	101.3F	9.1
14.90	1264	101.3F	9.1
14.95	1260	101.3F	9.1
15.00	1253	101.3F	9.1
15.05	1289	101.3F	9.1
15.10	1264	101.3F	9.1
15.15	1253	101.3F	9.1
15.20	1249	101.3F	9.1
15.25	1245	101.3F	9.1
15.30	1242	101.3F	9.1
15.35	1244	101.3F	9.1
15.40	1248	101.3F	9.1
15.45	1251	101.3F	9.1
15.50	1239	101.3F	9.1
15.55	1233	101.3F	9.1
15.60	1228	101.3F	9.1
15.65	1231	101.3F	9.1
15.70	1231	101.3F	9.1
15.75	1226	101.3F	9.1
15.80	1234	101.3F	9.1
15.85	1231	101.3F	9.1
15.90	1215	101.3F	9.1
15.95	1224	101.3F	9.1
16.00	1220	101.3F	9.1
16.05	1216	101.3F	9.1
16.10	1214	101.3F	9.1
16.15	1211	101.3F	9.1
16.20	1210	101.3F	9.1
16.25	1210	101.3F	9.1
16.30	1207	101.3F	9.1
16.35	1206	101.3F	9.1
16.40	1212	101.3F	9.1
16.45	1211	101.3F	9.1
16.50	1209	101.3F	9.1
16.55	1203	101.3F	9.1
16.60	1202	101.3F	9.1
16.65	1196	101.3F	9.1
16.70	1192	101.3F	9.1
16.75	1189	101.3F	9.1
16.80	1189	101.3F	9.1
16.85	1187	101.3F	9.1
16.90	1188	101.3F	9.1
16.95	1189	101.3F	9.1
17.00	1185	101.3F	9.1
17.05	1182	101.3F	9.1
17.10	1181	101.3F	9.1
17.15	1179	101.3F	9.1
17.20	1180	101.3F	9.1
17.25	1181	101.3F	9.1
17.30	1177	101.3F	9.1
17.35	1175	101.3F	9.1
17.40	1171	101.3F	9.1
17.45	1169	101.3F	9.1
17.50	1167	101.3F	9.1
17.55	1167	101.3F	9.1
17.60	1165	101.3F	9.1
17.65	1162	101.3F	9.1
17.70	1163	101.3F	9.1
17.75	1162	101.3F	9.1
17.80	1163	101.3F	9.1
17.85	1164	101.3F	9.1
17.90	1162	101.3F	9.1
17.95	1161	101.3F	9.1
18.00	1157	101.3F	9.1
18.05	1156	101.3F	9.1
18.10	1154	101.3F	9.1
18.15	1151	101.3F	9.1
18.20	1149	101.3F	9.1
18.25	1151	101.3F	9.1
18.30	1147	101.3F	9.1
18.35	1144	101.3F	9.1
18.40	1143	101.3F	9.1
18.45	1143	101.3F	9.1
18.50	1143	101.3F	9.1
18.55	1140	101.3F	9.1
18.60	1131	101.3F	9.1
18.65	1129	101.3F	9.1
18.70	1124	101.3F	9.1
18.75	1122	101.3F	9.1
18.80	1125	101.3F	9.1
18.85	1130	101.3F	9.1
18.90	1129	101.3F	9.1
18.95	1131	101.3F	9.1
19.00	1127	101.3F	9.1
19.05	1117	101.3F	9.1
19.10	1111	101.2F	9.1
19.15	1118	101.3F	9.1
19.20	1126	101.2F	9.1
19.25	1117	101.2F	9.1
19.30	1115	101.3F	9.1
19.35	1107	101.3F	9.1
19.40	1112	101.3F	9.1
19.45	1110	101.3F	9.1
19.50	1110	101.2F	9.1
19.55	1106	101.3F	9.1
19.60	1104	101.3F	9.1
19.65	1104	101.2F	9.1
19.70	1101	101.3F	9.1
19.75	1105	101.2F	9.1
19.80	1106	101.2F	9.1
19.85	1092	101.2F	9.1
19.90	1086	101.2F	9.1
19.95	1098	101.2F	9.1
20.00	1083	101.2F	9.1
20.05	1090	101.2F	9.1
20.10	1091	101.2F	9.1
20.15	1082	101.2F	9.1
20.20	1075	101.2F	9.1
20.25	1073	101.2F	9.1
20.30	1074	101.2F	9.1
20.35	1077	101.2F	9.1
20.40	1073	101.2F	9.1
20.45	1067	101.2F	9.1
20.50	1065	101.2F	9.1
20.55	1069	101.2F	9.1
20.60	1066	101.2F	9.1
20.65	1063	101.2F	9.1
20.70	1064	101.2F	9.1
20.75	1059	101.2F	9.1
20.80	1057	101.2F	9.1
20.85	1053	101.2F	9.1
20.90	1050	101.2F	9.1
20.95	1048	101.2F	9.1
21.00	1052	101.2F	9.1
21.05	1052	101.2F	9.1
21.10	1051	101.2F	9.1
21.15	1046	101.2F	9.1
21.20	1035	101.2F	9.1
21.25	1033	101.2F	9.1
21.30	1036	101.2F	9.1
21.35	1039	101.2F	9.1
21.40	1035	101.2F	9.1
21.45	1031	101.2F	9.1
21.50	1026	101.2F	9.1
21.55	1025	101.2F	9.1
21.60	1023	101.2F	9.1
21.65	1032	101.2F	9.1
21.70	1019	101.2F	9.1
21.75	1023	101.2F	9.1
21.80	1015	101.2F	9.1
21.85	1007	101.2F	9.1
21.90	1018	101.2F	9.1
21.95	1012	101.2F	9.1
22.00	1022	101.2F	9.1
22.05	1017	101.2F	9.1
22.10	1013	101.2F	9.1
22.15	1009	101.2F	9.1
22.20	1005	101.2F	9.1
22.25	1009	101.2F	9.1
22.30	1007	101.2F	9.1
22.35	1002	101.2F	9.1
22.40	1006	101.2F	9.1
22.45	1007	101.2F	9.1
22.50	1004	101.2F	9.1
22.55	1004	101.2F	9.1
22.60	1002	101.2F	9.1
22.65	996	101.2F	9.1
22.70	994	101.2F	9.1
22.75	995	101.2F	9.1
22.80	993	101.2F	9.1
22.85	988	101.2F	9.1
22.90	989	101.2F	9.1
22.95	989	101.2F	9.1
23.00	989	101.2F	9.1
23.05	987	101.2F	9.1
23.10	984	101.2F	9.1
23.15	984	101.2F	9.1
23.20	983	101.2F	9.1
23.25	982	101.2F	9.1
23.30	982	101.2F	9.1
23.35	977	101.2F	9.1
23.40	977	101.2F	9.1
23.45	979	101.2F	9.1
23.50	976	101.2F	9.1
23.55	972	101.2F	9.1
23.60	973	101.2F	9.1
23.65	971	101.2F	9.1
23.70	970	101.2F	9.1
23.75	967	101.2F	9.1
23.80	969	101.2F	9.1
23.85	969	101.2F	9.1
23.90	971	101.2F	9.1
23.95	968	101.2F	9.1
24.00	968	101.2F	9.1
24.05	962	101.2F	9.1
24.10	960	101.2F	9.1
24.15	958	101.2F	9.1
24.20	959	101.2F	9.1
24.25	960	101.2F	9.1
24.30	961	101.2F	9.1
24.35	956	101.2F	9.1
24.40	953	101.2F	9.1
24.45	955	101.2F	9.1
24.50	955	101.2F	9.1
24.55	957	101.2F	9.1
24.60	954	101.2F	9.1
24.65	953	101.2F	9.1
24.70	952	101.2F	9.1
24.75	949	101.2F	9.1
24.80	946	101.2F	9.1
24.85	945	101.2F	9.1
24.90	946	101.2F	9.1
24.95	944	101.2F	9.1
25.00	944	101.2F	9.1
25.05	940	101.2F	9.1
25.10	942	101.2F	9.1
25.15	939	101.1F	9.1
25.20	937	101.2F	9.1
25.25	937	101.2F	9.1
25.30	937	101.1F	9.1
25.35	937	101.2F	9.1
25.40	937	101.1F	9.1
25.45	935	101.2F	9.1
25.50	935	101.2F	9.1
25.55	934	101.1F	9.1
25.60	931	101.2F	9.1
25.65	931	101.1F	9.1
25.70	930	101.1F	9.1
25.75	933	101.1F	9.1
25.80	929	101.1F	9.1
25.85	927	101.2F	9.1
25.90	925	101.1F	9.1
25.95	924	101.1F	9.1
26.00	923	101.1F	9.1
26.05	923	101.2F	9.1
26.10	922	101.1F	9.1
26.15	921	101.1F	9.1
26.20	921	101.1F	9.1
26.25	919	101.1F	9.1
26.30	919	101.1F	9.1
26.35	920	101.1F	9.1
26.40	917	101.1F	9.1
26.45	917	101.1F	9.1
26.50	914	101.1F	9.1
26.55	914	101.1F	9.1
26.60	915	101.1F	9.1
26.65	915	101.1F	9.1
26.70	914	101.1F	9.1
26.75	915	101.1F	9.1
26.80	913	101.1F	9.1
26.85	913	101.1F	9.1
26.90	911	101.1F	9.1
26.95	909	101.1F	9.1
27.00	907	101.1F	9.1
27.05	905	101.1F	9.1
27.10	908	101.1F	9.1
27.15	904	101.1F	9.1
27.20	904	101.1F	9.1
27.25	902	101.1F	9.1
27.30	901	101.1F	9.1
27.35	901	101.1F	9.1
27.40	900	101.1F	9.1
27.45	900	101.1F	9.1
27.50	900	101.1F	9.1
27.55	897	101.1F	9.1
27.60	895	101.1F	9.1
27.65	894	101.1F	9.1
27.70	895	101.1F	9.1
27.75	894	101.1F	9.1
27.80	890	101.1F	9.1
27.85	891	101.1F	9.1
27.90	890	101.1F	9.1
27.95	890	101.1F	9.1
28.00	888	101.1F	9.1
28.05	887	101.1F	9.1
28.10	886	101.1F	9.1
28.15	885	101.1F	9.1
28.20	885	101.1F	9.1
28.25	882	101.1F	9.1
28.30	881	101.1F	9.1
28.35	879	101.1F	9.1
28.40	878	101.1F	9.1
28.45	877	101.1F	9.1
28.50	877	101.1F	9.1
28.55	877	101.1F	9.1
28.60	873	101.1F	9.1
28.65	874	101.1F	9.1
28.70	870	101.1F	9.1
28.75	872	101.1F	9.1
28.80	872	101.1F	9.1
28.85	871	101.1F	9.1
28.90	867	101.1F	9.1
28.95	866	101.1F	9.1
29.00	864	101.1F	9.1
29.05	865	101.1F	9.1
29.10	860	101.1F	9.1
29.15	861	101.1F	9.1
29.20	862	101.1F	9.1
29.25	860	101.1F	9.1
29.30	859	101.1F	9.1
29.35	856	101.1F	9.1
29.40	857	101.1F	9.1
29.45	857	101.1F	9.1
29.50	855	101.1F	9.1
29.55	854	101.1F	9.1
29.60	852	101.1F	9.1
29.65	852	101.1F	9.1
29.70	850	101.1F	9.1
29.75	851	101.1F	9.1
29.80	848	101.1F	9.1
29.85	847	101.1F	9.1
29.90	846	101.1F	9.1
29.95	845	101.1F	9.1
30.00	845	101.1F	9.1
30.05	846	101.1F	9.1
30.10	842	101.1F	9.1
30.15	841	101.1F	9.1
30.20	840	101.1F	9.1
30.25	837	101.1F	9.1
30.30	837	101.1F	9.1
30.35	836	101.1F	9.1
30.40	834	101.1F	9.1
30.45	834	101.1F	9.1
30.50	832	101.1F	9.1
30.55	832	101.1F	9.1
30.60	834	101.1F	9.1
30.65	833	101.1F	9.1
30.70	833	101.1F	9.1
30.75	831	101.1F	9.1
30.80	831	101.1F	9.1
30.85	827	101.1F	9.1
30.90	827	101.1F	9.1
30.95	825	101.1F	9.1
31.00	822	101.1F	9.1
31.05	819	101.1F	9.1
31.10	823	101.1F	9.1
31.15	821	101.0F	9.1
31.20	821	101.1F	9.1
31.25	821	101.0F	9.1
31.30	819	101.1F	9.1
31.35	817	101.1F	9.1
31.40	818	101.0F	9.1
31.45	818	101.1F	9.1
31.50	818	101.0F	9.1
31.55	817	101.1F	9.1
31.60	818	101.0F	9.1
31.65	817	101.1F	9.1
31.70	818	101.0F	9.1
31.75	815	101.1F	9.1
31.80	812	101.0F	9.1
31.85	811	101.0F	9.1
31.90	812	101.0F	9.1
31.95	812	101.1F	9.1
32.00	811	101.0F	9.1
32.05	811	101.0F	9.1
32.10	810	101.0F	9.1
32.15	809	101.0F	9.1
32.20	807	101.0F	9.1
32.25	807	101.0F	9.1
32.30	810	101.1F	9.1
32.35	809	101.0F	9.1
32.40	807	101.0F	9.1
32.45	806	101.0F	9.1
32.50	805	101.0F	9.1
32.55	803	101.0F	9.1
32.60	805	101.0F	9.1
32.65	807	101.0F	9.1
32.70	804	101.0F	9.1
32.75	802	101.0F	9.1
32.80	800	101.0F	9.1
32.85	798	101.0F	9.1
32.90	797	101.0F	9.1
32.95	795	101.0F	9.1
33.00	795	101.0F	9.1
33.05	796	101.0F	9.1
33.10	797	101.0F	9.1
33.15	798	101.0F	9.1
33.20	796	101.0F	9.1
33.25	795	101.0F	9.1
33.30	793	101.0F	9.1
33.35	788	101.0F	9.1
33.40	786	101.0F	9.1
33.45	787	101.0F	9.1
33.50	786	101.0F	9.1
33.55	784	101.0F	9.1
33.60	785	101.0F	9.1
33.65	784	101.0F	9.1
33.70	784	101.0F	9.1
33.75	784	101.0F	9.1
33.80	784	101.0F	9.1
33.85	782	101.0F	9.1
33.90	782	101.0F	9.1
33.95	778	101.0F	9.1
34.00	779	101.0F	9.1
34.05	777	101.0F	9.1
34.10	777	101.0F	9.1
34.15	776	101.0F	9.1
34.20	775	101.0F	9.1
34.25	775	101.0F	9.1
34.30	775	101.0F	9.1
34.35	776	101.0F	9.1
34.40	772	101.0F	9.1
34.45	770	101.0F	9.1
34.50	769	101.0F	9.1
34.55	768	101.0F	9.1
34.60	769	101.0F	9.1
34.65	766	101.0F	9.1
34.70	766	101.0F	9.1
34.75	764	101.0F	9.1
34.80	762	101.0F	9.1
34.85	761	101.0F	9.1
34.90	762	101.0F	9.1
34.95	761	101.0F	9.1
35.00	759	101.0F	9.1
35.05	760	101.0F	9.1
35.10	759	101.0F	9.1
35.15	758	101.0F	9.1
35.20	757	101.0F	9.1
35.25	757	101.0F	9.1
35.30	757	101.0F	9.1
35.35	760	101.0F	9.1
35.40	760	101.0F	9.1
35.45	755	101.0F	9.1
35.50	755	101.0F	9.1
35.55	752	101.0F	9.1
35.60	752	101.0F	9.1
35.65	752	101.0F	9.1
35.70	753	101.0F	9.1
35.75	753	101.0F	9.1
35.80	755	101.0F	9.1
35.85	753	101.0F	9.1
35.90	751	101.0F	9.1
35.95	749	101.0F	9.1
36.00	747	101.0F	9.1
36.05	747	101.0F	9.1
36.10	746	101.0F	9.1
36.15	747	101.0F	9.1
36.20	747	101.0F	9.1
36.25	746	101.0F	9.1
36.30	746	101.0F	9.1
36.35	745	101.0F	9.1
36.40	745	101.0F	9.1
36.45	743	101.0F	9.1
36.50	744	101.0F	9.1
36.55	741	101.0F	9.1
36.60	739	101.0F	9.1
36.65	738	101.0F	9.1
36.70	737	101.0F	9.1
36.75	735	101.0F	9.1
36.80	734	101.0F	9.1
36.85	733	101.0F	9.1
36.90	733	101.0F	9.1
36.95	732	101.0F	9.1
37.00	733	101.0F	9.1
37.05	731	101.0F	9.1
37.10	730	101.0F	9.1
37.15	728	101.0F	9.1
37.20	730	101.0F	9.1
37.25	736	101.0F	9.1
37.30	731	101.0F	9.1
37.35	730	101.0F	9.1
37.40	728	101.0F	9.1
37.45	727	101.0F	9.1
37.50	725	101.0F	9.1
37.55	724	101.0F	9.1
37.60	723	101.0F	9.1
37.65	721	101.0F	9.1
37.70	720	101.0F	9.1
37.75	718	101.0F	9.1
37.80	721	101.0F	9.1
37.85	719	101.0F	9.1
37.90	719	101.0F	9.1
37.95	717	101.0F	9.1
38.00	715	101.0F	9.1
38.05	717	101.0F	9.1
38.10	712	101.0F	9.1
38.15	714	101.0F	9.1
38.20	718	101.0F	9.1
38.25	715	101.0F	9.1
38.30	715	101.0F	9.1
38.35	714	101.0F	9.1
38.40	711	101.0F	9.1
38.45	710	101.0F	9.1
38.50	708	101.0F	9.1
38.55	708	101.0F	9.1
38.60	711	101.0F	9.1
38.65	710	101.0F	9.1
38.70	711	101.0F	9.1
38.75	711	101.0F	9.1
38.80	710	100.9F	9.1
38.85	707	101.0F	9.1
38.90	706	101.0F	9.1
38.95	703	101.0F	9.1
39.00	702	101.0F	9.1
39.05	705	101.0F	9.1
39.10	702	101.0F	9.1
39.15	701	101.0F	9.1
39.20	697	101.0F	9.1
39.25	699	100.9F	9.1
39.30	698	101.0F	9.1
39.35	699	100.9F	9.1
39.40	698	100.9F	9.1
39.45	697	100.9F	9.1
39.50	694	100.9F	9.1
39.55	692	101.0F	9.1
39.60	692	100.9F	9.1
39.65	690	100.9F	9.1
39.70	692	100.9F	9.1
39.75	694	100.9F	9.1
39.80	696	100.9F	9.1
39.85	695	100.9F	9.1
39.90	694	100.9F	9.1
39.95	692	100.9F	9.1
40.00	690	100.9F	9.1
40.05	686	100.9F	9.1
40.10	684	100.9F	9.1
40.15	686	100.9F	9.1
40.20	683	100.9F	9.1
40.25	683	100.9F	9.1
40.30	683	100.9F	9.1
40.35	682	100.9F	9.1
40.40	683	100.9F	9.1
40.45	681	100.9F	9.1
40.50	681	100.9F	9.1
40.55	682	100.9F	9.1
40.60	682	100.9F	9.1
40.65	681	100.9F	9.1
40.70	679	100.9F	9.1
40.75	675	100.9F	9.1
40.80	675	100.9F	9.1
40.85	675	100.9F	9.1
40.90	675	100.9F	9.1
40.95	674	100.9F	9.1
41.00	673	100.9F	9.1
41.05	670	100.9F	9.1
41.10	667	100.9F	9.1
41.15	669	100.9F	9.1
41.20	664	100.9F	9.1
41.25	666	100.9F	9.1
41.30	665	100.9F	9.1
41.35	663	100.9F	9.1
41.40	663	100.9F	9.1
41.45	663	100.9F	9.1
41.50	665	100.9F	9.1
41.55	666	100.9F	9.1
41.60	664	100.9F	9.1
41.65	664	100.9F	9.1
41.70	663	100.9F	9.1
41.75	662	100.9F	9.1
41.80	660	100.9F	9.1
41.85	659	100.9F	9.1
41.90	654	100.9F	9.1
41.95	654	100.9F	9.1
42.00	653	100.9F	9.1
42.05	653	100.9F	9.1
42.10	651	100.9F	9.1
42.15	651	100.9F	9.1
42.20	653	100.9F	9.1
42.25	652	100.9F	9.1
42.30	653	100.9F	9.1
42.35	649	100.9F	9.1
42.40	646	100.9F	9.1
42.45	646	100.9F	9.1
42.50	647	100.9F	9.1
42.55	648	100.9F	9.1
42.60	644	100.9F	9.1
42.65	644	100.9F	9.1
42.70	644	100.9F	9.1
42.75	642	100.9F	9.1
42.80	645	100.9F	9.1
42.85	647	100.9F	9.1
42.90	639	100.9F	9.1
42.95	635	100.9F	9.1
43.00	637	100.9F	9.1
43.05	638	100.9F	9.1
43.10	636	100.9F	9.1
43.15	635	100.9F	9.1
43.20	634	100.9F	9.1
43.25	637	100.9F	9.1
43.30	636	100.9F	9.1
43.35	635	100.9F	9.1
43.40	634	100.9F	9.1
43.45	632	100.9F	9.1
43.50	633	100.9F	9.1
43.55	632	100.9F	9.1
43.60	627	100.9F	9.1
43.65	625	100.9F	9.1
43.70	626	100.9F	9.1
43.75	626	100.9F	9.1
43.80	622	100.9F	9.1
43.85	622	100.9F	9.1
43.90	621	100.9F	9.1
43.95	625	100.9F	9.1
44.00	624	100.9F	9.1
44.05	622	100.9F	9.1
44.10	617	100.9F	9.1
44.15	616	100.9F	9.1
44.20	615	100.9F	9.1
44.25	613	100.9F	9.1
44.30	613	100.9F	9.1
44.35	611	100.9F	9.1
44.40	612	100.9F	9.1
44.45	612	100.9F	9.1
44.50	610	100.9F	9.1
44.55	611	100.9F	9.1
44.60	611	100.9F	9.1
44.65	607	100.9F	9.1
44.70	606	100.9F	9.1
44.75	606	100.9F	9.1
44.80	603	100.9F	9.1
44.85	600	100.9F	9.1
44.90	601	100.9F	9.1
44.95	603	100.9F	9.1
45.00	602	100.9F	9.1
45.05	597	100.9F	9.1
45.10	597	100.9F	9.1
45.15	595	100.9F	9.1
45.20	595	100.9F	9.1
45.25	591	100.9F	9.1
45.30	596	100.9F	9.1
45.35	596	100.9F	9.1
45.40	594	100.9F	9.1
45.45	595	100.9F	9.1
45.50	591	100.9F	9.1
45.55	591	100.9F	9.1
45.60	588	100.9F	9.1
45.65	589	100.9F	9.1
45.70	586	100.9F	9.1
45.75	585	100.8F	9.1
45.80	585	100.9F	9.1
45.85	588	100.9F	9.1
45.90	588	100.8F	9.1
45.95	585	100.9F	9.1
46.00	583	100.8F	9.1
46.05	579	100.9F	9.1
46.10	580	100.9F	9.1
46.15	579	100.9F	9.1
46.20	579	100.8F	9.1
46.25	578	100.8F	9.1
46.30	575	100.8F	9.1
46.35	574	100.9F	9.1
46.40	576	100.8F	9.1
46.45	574	100.8F	9.1
46.50	572	100.8F	9.1
46.55	570	100.8F	9.1
46.60	569	100.8F	9.1
46.65	569	100.8F	9.1
46.70	568	100.8F	9.1
46.75	570	100.8F	9.1
46.80	570	100.8F	9.1
46.85	569	100.8F	9.1
46.90	570	100.8F	9.1
46.95	568	100.8F	9.1
47.00	565	100.8F	9.1
47.05	563	100.8F	9.1
47.10	562	100.8F	9.1
47.15	561	100.8F	9.1
47.20	561	100.8F	9.1
47.25	563	100.8F	9.1
47.30	564	100.8F	9.1
47.35	563	100.8F	9.1
47.40	561	100.8F	9.1
47.45	560	100.8F	9.1
47.50	557	100.8F	9.1
47.55	557	100.8F	9.1
47.60	554	100.8F	9.1
47.65	553	100.8F	9.1
47.70	555	100.8F	9.1
47.75	552	100.8F	9.1
47.80	557	100.8F	9.1
47.85	553	100.8F	9.1
47.90	552	100.8F	9.1
47.95	550	100.8F	9.1
48.00	547	100.8F	9.1
48.05	547	100.8F	9.1
48.10	543	100.8F	9.1
48.15	542	100.8F	9.1
48.20	542	100.8F	9.1
48.25	540	100.8F	9.1
48.30	543	100.8F	9.1
48.35	540	100.8F	9.1
48.40	544	100.8F	9.1
48.45	540	100.8F	9.1
48.50	539	100.8F	9.1
48.55	538	100.8F	9.1
48.60	535	100.8F	9.1
48.65	534	100.8F	9.1
48.70	529	100.8F	9.1
48.75	528	100.8F	9.1
48.80	528	100.8F	9.1
48.85	524	100.8F	9.1
48.90	526	100.8F	9.1
48.95	526	100.8F	9.1
49.00	526	100.8F	9.1
49.05	529	100.8F	9.1
49.10	527	100.8F	9.1
49.15	524	100.8F	9.1
49.20	516	100.8F	9.1
49.25	514	100.8F	9.1
49.30	512	100.8F	9.1
49.35	512	100.8F	9.1
49.40	517	100.8F	9.1
49.45	519	100.8F	9.1
49.50	517	100.8F	9.1
49.55	515	100.8F	9.1
49.60	510	100.8F	9.1
49.65	508	100.8F	9.1
49.70	506	100.8F	9.1
49.75	507	100.8F	9.1
49.80	507	100.8F	9.1
49.85	505	100.8F	9.1
49.90	501	100.8F	9.1
49.95	498	100.8F	9.1
50.00	497	100.8F	9.1
50.05	500	100.8F	9.1
50.10	500	100.8F	9.1
50.15	498	100.8F	9.1
50.20	497	100.8F	9.1
50.25	496	100.8F	9.1
50.30	492	100.8F	9.1
50.35	489	100.8F	9.1
50.40	490	100.8F	9.1
50.45	487	100.8F	9.1
50.50	486	100.8F	9.1
50.55	485	100.8F	9.1
50.60	483	100.8F	9.1
50.65	481	100.8F	9.1
50.70	487	100.8F	9.1
50.75	488	100.8F	9.1
50.80	483	100.8F	9.1
50.85	481	100.7F	9.1
50.90	479	100.8F	9.1
50.95	477	100.7F	9.1
51.00	476	100.7F	9.1
51.05	475	100.7F	9.1
51.10	476	100.7F	9.1
51.15	475	100.7F	9.1
51.20	474	100.8F	9.1
51.25	473	100.8F	9.1
51.30	477	100.7F	9.1
51.35	474	100.7F	9.1
51.40	475	100.7F	9.1
51.45	474	100.7F	9.1
51.50	472	100.7F	9.1
51.55	469	100.7F	9.1
51.60	466	100.7F	9.1
51.65	462	100.7F	9.1
51.70	463	100.7F	9.1
51.75	462	100.7F	9.1
51.80	462	100.7F	9.1
51.85	463	100.7F	9.1
51.90	462	100.7F	9.1
51.95	462	100.7F	9.1
52.00	462	100.7F	9.1
52.05	460	100.7F	9.1
52.10	457	100.7F	9.1
52.15	454	100.7F	9.1
52.20	456	100.7F	9.1
52.25	455	100.7F	9.1
52.30	455	100.7F	9.1
52.35	453	100.7F	9.1
52.40	454	100.7F	9.1
52.45	452	100.7F	9.1
52.50	450	100.7F	9.1
52.55	448	100.7F	9.1
52.60	448	100.7F	9.1
52.65	446	100.7F	9.1
52.70	448	100.7F	9.1
52.75	444	100.7F	9.1
52.80	447	100.7F	9.1
52.85	451	100.7F	9.1
52.90	449	100.7F	9.1
52.95	447	100.7F	9.1
53.00	443	100.7F	9.1
53.05	441	100.7F	9.1
53.10	439	100.7F	9.1
53.15	437	100.7F	9.1
53.20	437	100.7F	9.1
53.25	439	100.7F	9.1
53.30	438	100.7F	9.1
53.35	436	100.7F	9.1
53.40	433	100.7F	9.1
53.45	433	100.7F	9.1
53.50	432	100.7F	9.1
53.55	431	100.7F	9.1
53.60	431	100.7F	9.1
53.65	430	100.7F	9.1
53.70	430	100.7F	9.1
53.75	429	100.7F	9.1
53.80	428	100.7F	9.1
53.85	428	100.7F	9.1
53.90	425	100.7F	9.1
53.95	428	100.7F	9.1
54.00	428	100.7F	9.1
54.05	424	100.7F	9.1
54.10	424	100.7F	9.1
54.15	421	100.7F	9.1
54.20	419	100.7F	9.1
54.25	417	100.7F	9.1
54.30	418	100.7F	9.1
54.35	417	100.7F	9.1
54.40	414	100.7F	9.1
54.45	414	100.7F	9.1
54.50	413	100.7F	9.1
54.55	410	100.7F	9.1
54.60	409	100.7F	9.1
54.65	408	100.7F	9.1
54.70	408	100.7F	9.1
54.75	409	100.7F	9.1
54.80	410	100.7F	9.1
54.85	408	100.7F	9.1
54.90	407	100.7F	9.1
54.95	404	100.7F	9.1
55.00	400	100.7F	9.1
55.05	399	100.7F	9.1
55.10	397	100.7F	9.1
55.15	396	100.7F	9.1
55.20	395	100.7F	9.1
55.25	398	100.7F	9.1
55.30	392	100.7F	9.1
55.35	395	100.7F	9.1
55.40	393	100.7F	9.1
55.45	392	100.7F	9.1
55.50	389	100.7F	9.1
55.55	389	100.7F	9.1
55.60	387	100.7F	9.1
55.65	385	100.7F	9.1
55.70	383	100.7F	9.1
55.75	381	100.7F	9.1
55.80	382	100.7F	9.1
55.85	381	100.7F	9.1
55.90	379	100.6F	9.1
55.95	381	100.6F	9.1
56.00	380	100.7F	9.1
56.05	379	100.7F	9.1
56.10	378	100.7F	9.1
56.15	375	100.7F	9.1
56.20	372	100.7F	9.1
56.25	372	100.7F	9.1
56.30	372	100.7F	9.1
56.35	373	100.7F	9.1
56.40	373	100.7F	9.1
56.45	372	100.7F	9.1
56.50	369	100.6F	9.1
56.55	368	100.7F	9.1
56.60	366	100.6F	9.1
56.65	366	100.7F	9.1
56.70	366	100.6F	9.1
56.75	365	100.7F	9.1
56.80	364	100.6F	9.1
56.85	363	100.6F	9.1
56.90	360	100.6F	9.1
56.95	357	100.6F	9.1
57.00	356	100.6F	9.1
57.05	358	100.6F	9.1
57.10	356	100.6F	9.1
57.15	357	100.6F	9.1
57.20	357	100.6F	9.1
57.25	352	100.6F	9.1
57.30	349	100.6F	9.1
57.35	348	100.6F	9.1
57.40	347	100.6F	9.1
57.45	347	100.6F	9.1
57.50	345	100.6F	9.1
57.55	345	100.6F	9.1
57.60	345	100.6F	9.1
57.65	345	100.6F	9.1
57.70	347	100.6F	9.1
57.75	345	100.6F	9.1
57.80	341	100.6F	9.1
57.85	338	100.6F	9.1
57.90	335	100.6F	9.1
57.95	336	100.6F	9.1
58.00	335	100.6F	9.1
58.05	333	100.6F	9.1
58.10	334	100.6F	9.1
58.15	333	100.6F	9.1
58.20	330	100.6F	9.1
58.25	329	100.6F	9.1
58.30	325	100.6F	9.1
58.35	323	100.6F	9.1
58.40	324	100.6F	9.1
58.45	324	100.6F	9.1
58.50	325	100.6F	9.1
58.55	324	100.6F	9.1
58.60	323	100.6F	9.1
58.65	321	100.6F	9.1
58.70	317	100.6F	9.1
58.75	320	100.6F	9.1
58.80	319	100.6F	9.1
58.85	318	100.6F	9.1
58.90	317	100.6F	9.1
58.95	313	100.6F	9.1
59.00	311	100.6F	9.1
59.05	309	100.6F	9.1
59.10	309	100.6F	9.1
59.15	310	100.6F	9.1
59.20	305	100.6F	9.1
59.25	305	100.6F	9.1
59.30	307	100.6F	9.1
59.35	307	100.6F	9.1
59.40	307	100.6F	9.1
59.45	304	100.6F	9.1
59.50	304	100.6F	9.1
59.55	300	100.6F	9.1
59.60	297	100.6F	9.1
59.65	295	100.6F	9.1
59.70	296	100.6F	9.1
59.75	295	100.6F	9.1
59.80	296	100.6F	9.1
59.85	292	100.6F	9.1
59.90	289	100.6F	9.1
59.95	288	100.6F	9.1
60.00	287	100.6F	9.1
60.05	284	100.6F	9.1
60.10	285	100.6F	9.1
60.15	285	100.6F	9.1
60.20	282	100.6F	9.1
60.25	281	100.6F	9.1
60.30	282	100.6F	9.1
60.35	282	100.6F	9.1
60.40	284	100.6F	9.1
60.45	284	100.6F	9.1
60.50	281	100.6F	9.1
60.55	281	100.6F	9.1
60.60	279	100.6F	9.1
60.65	275	100.6F	9.1
60.70	274	100.6F	9.1
60.75	274	100.5F	9.1
60.80	269	100.6F	9.1
60.85	268	100.6F	9.1
60.90	269	100.5F	9.1
60.95	266	100.5F	9.1
61.00	266	100.6F	9.1
61.05	269	100.5F	9.1
61.10	264	100.6F	9.1
61.15	264	100.6F	9.1
61.20	262	100.5F	9.1
61.25	257	100.5F	9.1
61.30	257	100.5F	9.1
61.35	257	100.5F	9.1
61.40	257	100.5F	9.1
61.45	254	100.5F	9.1
61.50	249	100.5F	9.1
61.55	249	100.5F	9.1
61.60	247	100.6F	9.1
61.65	249	100.5F	9.1
61.70	247	100.5F	9.1
61.75	247	100.5F	9.1
61.80	245	100.5F	9.1
61.85	246	100.5F	9.1
61.90	246	100.5F	9.1
61.95	247	100.5F	9.1
62.00	243	100.5F	9.1
62.05	242	100.5F	9.1
62.10	239	100.5F	9.1
62.15	241	100.5F	9.1
62.20	238	100.5F	9.1
62.25	233	100.5F	9.1
62.30	234	100.5F	9.1
62.35	230	100.5F	9.1
62.40	231	100.5F	9.1
62.45	230	100.5F	9.1
62.50	230	100.5F	9.1
62.55	230	100.5F	9.1
62.60	227	100.5F	9.1
62.65	227	100.5F	9.1
62.70	225	100.5F	9.1
62.75	222	100.5F	9.1
62.80	222	100.5F	9.1
62.85	223	100.5F	9.1
62.90	221	100.5F	9.1
62.95	219	100.5F	9.1
63.00	219	100.5F	9.1
63.05	215	100.5F	9.1
63.10	214	100.5F	9.1
63.15	212	100.5F	9.1
63.20	212	100.5F	9.1
63.25	210	100.5F	9.1
63.30	211	100.5F	9.1
63.35	209	100.5F	9.1
63.40	208	100.5F	9.1
63.45	205	100.5F	9.1
63.50	203	100.5F	9.1
63.55	203	100.5F	9.1
63.60	200	100.5F	9.1
63.65	200	100.5F	9.1
63.70	198	100.5F	9.1
63.75	196	100.5F	9.1
63.80	195	100.5F	9.1
63.85	196	100.5F	9.1
63.90	194	100.5F	9.1
63.95	193	100.5F	9.1
64.00	188	100.5F	9.1
64.05	189	100.5F	9.1
64.10	190	100.5F	9.1
64.15	185	100.5F	9.1
64.20	185	100.5F	9.1
64.25	184	100.5F	9.1
64.30	182	100.5F	9.1
64.35	181	100.5F	9.1
64.40	181	100.5F	9.1
64.45	179	100.5F	9.1
64.50	178	100.5F	9.1
64.55	175	100.5F	9.1
64.60	174	100.5F	9.1
64.65	174	100.5F	9.1
64.70	172	100.5F	9.1
64.75	171	100.5F	9.1
64.80	170	100.5F	9.1
64.85	169	100.5F	9.1
64.90	167	100.5F	9.1
64.95	166	100.5F	9.1
65.00	165	100.5F	9.1
65.05	163	100.5F	9.1
65.10	161	100.5F	9.1
65.15	160	100.5F	9.1
65.20	157	100.5F	9.1
65.25	157	100.5F	9.1
65.30	156	100.5F	9.1
65.35	154	100.5F	9.1
65.40	152	100.5F	9.1
65.45	152	100.5F	9.1
65.50	151	100.5F	9.1
65.55	152	100.5F	9.1
65.60	148	100.5F	9.1
65.65	146	100.5F	9.1
65.70	146	100.5F	9.1
65.75	143	100.5F	9.1
65.80	143	100.5F	9.1
65.85	140	100.5F	9.1
65.90	140	100.5F	9.1
65.95	138	100.5F	9.1
66.00	136	100.5F	9.1
66.05	134	100.5F	9.1
66.10	133	100.5F	9.1
66.15	131	100.5F	9.1
66.20	130	100.5F	9.1
66.25	129	100.5F	9.1
66.30	129	100.5F	9.1
66.35	126	100.5F	9.1
66.40	126	100.5F	9.1
66.45	125	100.5F	9.1
66.50	123	100.5F	9.1
66.55	122	100.5F	9.1
66.60	118	100.5F	9.1
66.65	117	100.5F	9.1
66.70	115	100.5F	9.1
66.75	114	100.5F	9.1
66.80	113	100.5F	9.1
66.85	112	100.5F	9.1
66.90	110	100.5F	9.1
66.95	111	100.4F	9.1
67.00	107	100.5F	9.1
67.05	107	100.5F	9.1
67.10	106	100.4F	9.1
67.15	105	100.4F	9.1
67.20	102	100.5F	9.1
67.25	101	100.4F	9.1
67.30	101	100.4F	9.1
67.35	99	100.5F	9.1
67.40	97	100.5F	9.1
67.45	97	100.4F	9.1
67.50	96	100.4F	9.1
67.55	94	100.5F	9.1
67.60	92	100.4F	9.1
67.65	92	100.4F	9.1
67.70	91	100.4F	9.1
67.75	89	100.4F	9.1
67.80	87	100.4F	9.1
67.85	86	100.4F	9.1
67.90	85	100.4F	9.1
67.95	84	100.4F	9.1
68.00	84	100.4F	9.1
68.05	82	100.4F	9.1
68.10	79	100.4F	9.1
68.15	80	100.4F	9.1
68.20	76	100.4F	9.1
68.25	76	100.4F	9.1
68.30	77	100.4F	9.1
68.35	76	100.4F	9.1
68.40	74	100.4F	9.1
68.45	74	100.4F	9.1
68.50	72	100.4F	9.1
68.55	73	100.4F	9.1
68.60	71	100.4F	9.1
68.65	71	100.4F	9.1
68.70	71	100.4F	9.1
68.75	69	100.4F	9.1
68.80	69	100.4F	9.1
68.85	64	100.4F	9.1
68.90	66	100.4F	9.1
68.95	64	100.4F	9.1
69.00	65	100.4F	9.1
69.05	60	100.4F	9.1
69.10	59	100.4F	9.1
69.15	62	100.4F	9.1
69.20	63	100.4F	9.1
69.25	63	100.4F	9.1
69.30	61	100.4F	9.1
69.35	57	100.4F	9.1
69.40	52	100.4F	9.1
69.45	50	100.4F	9.1
69.50	49	100.4F	9.1
69.55	46	100.4F	9.1
69.60	44	100.4F	9.1
69.65	44	100.4F	9.1
69.70	42	100.4F	9.1
69.75	42	100.4F	9.1
69.80	45	100.4F	9.1
69.85	45	100.4F	9.1
69.90	45	100.4F	9.1
69.95	43	100.4F	9.1
70.00	39	100.4F	9.1
70.05	36	100.4F	9.1
70.10	33	100.4F	9.1
70.15	36	100.4F	9.1
70.20	33	100.4F	9.1
70.25	34	100.4F	9.1
70.30	30	100.4F	9.1
70.35	27	100.4F	9.1
70.40	27	100.4F	9.1
70.45	22	100.4F	9.1
70.50	23	100.4F	9.1
70.55	21	100.4F	9.1
70.60	22	100.4F	9.1
70.65	20	100.4F	9.1
70.70	20	100.4F	9.1
70.75	15	100.4F	9.1
70.80	14	100.4F	9.1
70.85	12	100.4F	9.1
70.90	12	100.4F	9.1
70.95	10	100.4F	9.1
71.00	7	100.4F	9.1
71.05	7	100.4F	9.1
71.10	4	100.4F	9.1
71.15	4	100.4F	9.1
71.20	1	100.4F	9.1
71.25	4	100.4F	9.1
71.30	1	100.4F	9.1
71.35	0	100.4F	9.1
71.40	-4	100.4F	9.1
71.45	-5	100.4F	9.1
71.50	-5	100.4F	9.1
71.55	-12	100.4F	9.1
71.60	-7	100.4F	9.1
71.65	-8	100.4F	9.1
71.70	-9	100.4F	9.1
71.75	-7	100.3F	9.1
71.80	-7	100.3F	9.1
71.85	-8	100.4F	9.1
71.90	-9	100.3F	9.1
71.95	-8	100.3F	9.1
72.00	-9	100.4F	9.1
72.05	-8	100.3F	9.1
72.10	-8	100.3F	9.1
72.15	-10	100.3F	9.1
72.20	-7	100.3F	9.1
72.25	-8	100.3F	9.1
72.30	-8	100.3F	9.1
72.35	-7	100.3F	9.1
72.40	-8	100.3F	9.1
72.45	-8	100.3F	9.1
72.50	-9	100.3F	9.1
72.55	-9	100.3F	9.1
72.60	-7	100.3F	9.1
72.65	-8	100.3F	9.1
72.70	-8	100.3F	9.1
72.75	-7	100.3F	9.1
72.80	-7	100.3F	9.1
72.85	-9	100.3F	9.1
72.90	-8	100.3F	9.1
72.95	-9	100.3F	9.1
73.00	-8	100.3F	9.1
73.05	-7	100.3F	9.1
73.10	-6	100.3F	9.1
73.15	-8	100.3F	9.1
73.20	-8	100.3F	9.1
73.25	-8	100.3F	9.1
73.30	-8	100.3F	9.1
73.35	-8	100.3F	9.1
73.40	-7	100.3F	9.1
73.45	-8	100.3F	9.1
73.50	-7	100.3F	9.1
73.55	-8	100.3F	9.1
73.60	-8	100.3F	9.1
73.65	-7	100.3F	9.1
73.70	-8	100.3F	9.1
73.75	-7	100.3F	9.1
73.80	-8	100.3F	9.1
73.85	-8	100.3F	9.1
73.90	-7	100.3F	9.1
73.95	-8	100.3F	9.1
74.00	-8	100.3F	9.1
74.05	-8	100.3F	9.1
74.10	-9	100.3F	9.1
74.15	-8	100.3F	9.1
74.20	-7	100.3F	9.1
74.25	-11	100.3F	9.1
74.30	-9	100.3F	9.1
74.35	-8	100.3F	9.1
74.40	-8	100.3F	9.1
74.45	-8	100.3F	9.1
74.50	-8	100.3F	9.1
74.55	-8	100.3F	9.1
74.60	-8	100.3F	9.1
74.65	-7	100.3F	9.1
74.70	-9	100.3F	9.1
74.75	-7	100.3F	9.1
74.80	-9	100.3F	9.1
74.85	-7	100.3F	9.1
74.90	-8	100.3F	9.1
74.95	-8	100.3F	9.1
75.00	-8	100.3F	9.1
75.05	-9	100.3F	9.1
75.10	-7	100.3F	9.1
75.15	-8	100.3F	9.1
75.20	-8	100.3F	9.1
75.25	-8	100.3F	9.1
75.30	-9	100.3F	9.1
75.35	-9	100.3F	9.1
75.40	-8	100.3F	9.1
75.45	-9	100.3F	9.1
75.50	-9	100.3F	9.1
75.55	-8	100.3F	9.1
75.60	-8	100.3F	9.1
75.65	-8	100.3F	9.1
75.70	-9	100.3F	9.1
75.75	-9	100.3F	9.1
75.80	-9	100.3F	9.1
75.85	-9	100.3F	9.1
75.90	-7	100.3F	9.1
75.95	-9	100.3F	9.1
76.00	-9	100.3F	9.1
76.05	-9	100.3F	9.1
76.10	-7	100.3F	9.1
76.15	-8	100.3F	9.1
76.20	-8	100.3F	9.1
76.25	-7	100.3F	9.1
76.30	-8	100.3F	9.1
76.35	-8	100.3F	9.1
76.40	-7	100.3F	9.1
76.45	-8	100.3F	9.1
76.50	-7	100.3F	9.1
76.55	-8	100.3F	9.1
76.60	-7	100.3F	9.1
76.65	-8	100.3F	9.1
76.70	-7	100.3F	9.1
76.75	-8	100.3F	9.1
76.80	-9	100.3F	9.1
76.85	-7	100.3F	9.1
76.90	-8	100.3F	9.1
76.95	-8	100.3F	9.1
77.00	-7	100.3F	9.1
77.05	-9	100.3F	9.1
77.10	-9	100.3F	9.1
77.15	-8	100.3F	9.1
77.20	-7	100.3F	9.1
77.25	-7	100.3F	9.1
77.30	-8	100.3F	9.1
77.35	-8	100.3F	9.1
77.40	-7	100.3F	9.1
77.45	-8	100.3F	9.1
77.50	-8	100.3F	9.1
77.55	-7	100.3F	9.1
77.60	-6	100.3F	9.1
77.65	-7	100.3F	9.1
77.70	-8	100.3F	9.1
77.75	-11	100.3F	9.1
77.80	-8	100.3F	9.1
77.85	-7	100.2F	9.1
77.90	-7	100.3F	9.1
77.95	-7	100.3F	9.1
78.00	-8	100.3F	9.1
78.05	-8	100.3F	9.1
78.10	-8	100.3F	9.1
78.15	-9	100.3F	9.1
78.20	-8	100.3F	9.1
78.25	-9	100.2F	9.1
78.30	-9	100.3F	9.1
78.35	-8	100.2F	9.1
